Supplementary Table S1: List of all 576 raw LC-MS2 files processed in this study,,,,
,,,,
Source,Species,Tissue,LC-MS File,MSConvert to mzML
MSV000090572,bread wheat,stored_grain,pass07_list01_2mz.raw,yes
MSV000090572,bread wheat,stored_grain,pass07_list02_2mz.raw,yes
MSV000090572,bread wheat,stored_grain,pass07_list03_2mz.raw,yes
MSV000090572,bread wheat,stored_grain,pass07_list04_2mz.raw,yes
MSV000090572,bread wheat,stored_grain,pass07_list05_2mz.raw,yes
MSV000090572,bread wheat,stored_grain,pass07_list06_2mz.raw,yes
MSV000090572,bread wheat,stored_grain,pass07_list07_2mz.raw,yes
MSV000090572,bread wheat,stored_grain,pass07_list08_2mz.raw,yes
MSV000090572,bread wheat,stored_grain,pass07_list09_2mz.raw,yes
MSV000090572,bread wheat,stored_grain,pass07_list10_2mz.raw,yes
MSV000090572,bread wheat,stored_grain,pass01_rep1_2mz.raw,yes
MSV000090572,bread wheat,stored_grain,pass01_rep2_2mz.raw,yes
MSV000090572,bread wheat,stored_grain,pass02_rep2_2mz.raw,yes
MSV000090572,bread wheat,stored_grain,pass02_rep1_2mz.raw,yes
MSV000090572,bread wheat,stored_grain,pass02_rep3_2mz.raw,yes
MSV000090572,bread wheat,stored_grain,pass03_rep1_2mz.raw,yes
MSV000090572,bread wheat,stored_grain,pass03_rep2_2mz.raw,yes
MSV000090572,bread wheat,stored_grain,pass04_rep1_2mz.raw,yes
MSV000090572,bread wheat,stored_grain,pass04_rep2_2mz.raw,yes
MSV000090572,bread wheat,stored_grain,pass05_rep1_2mz.raw,yes
MSV000090572,bread wheat,stored_grain,pass05_rep2_2mz.raw,yes
MSV000090572,bread wheat,stored_grain,pass06_rep1_2mz.raw,yes
MSV000090572,bread wheat,stored_grain,pass06_rep2_2mz.raw,yes
MSV000090572,bread wheat,stored_grain,pass08_list01_2mz.raw,yes
MSV000090572,bread wheat,stored_grain,pass09_list01_1mz.raw,yes
MSV000090572,bread wheat,stored_grain,pass10_list01_0.5mz.raw,yes
MSV000090572,bread wheat,stored_grain,pass11_list01_0.2mz.raw,yes
MSV000090572,bread wheat,stored_grain,pass08_list02_2mz.raw,yes
MSV000090572,bread wheat,stored_grain,pass09_list02_1mz.raw,yes
MSV000090572,bread wheat,stored_grain,pass10_list02_0.5mz.raw,yes
MSV000090572,bread wheat,stored_grain,pass11_list02_0.2mz.raw,yes
MSV000090572,bread wheat,stored_grain,pass08_list03_2mz.raw,yes
MSV000090572,bread wheat,stored_grain,pass09_list03_1mz.raw,yes
MSV000090572,bread wheat,stored_grain,pass10_list03_0.5mz.raw,yes
MSV000090572,bread wheat,stored_grain,pass11_list03_0.2mz.raw,yes
MSV000090572,bread wheat,stored_grain,pass08_list04_2mz.raw,yes
MSV000090572,bread wheat,stored_grain,pass09_list04_1mz.raw,yes
MSV000090572,bread wheat,stored_grain,pass10_list04_0.5mz.raw,yes
MSV000090572,bread wheat,stored_grain,pass11_list04_0.2mz.raw,yes
MSV000090572,bread wheat,stored_grain,pass08_list05_2mz.raw,yes
MSV000090572,bread wheat,stored_grain,pass09_list05_1mz.raw,yes
MSV000090572,bread wheat,stored_grain,pass10_list05_0.5mz.raw,yes
MSV000090572,bread wheat,stored_grain,pass11_list05_0.2mz.raw,yes
MSV000090572,bread wheat,stored_grain,pass08_list06_2mz.raw,yes
MSV000090572,bread wheat,stored_grain,pass09_list06_1mz.raw,yes
MSV000090572,bread wheat,stored_grain,pass10_list06_0.5mz.raw,yes
MSV000090572,bread wheat,stored_grain,pass11_list06_0.2mz.raw,yes
MSV000090572,bread wheat,stored_grain,pass08_list07_2mz.raw,yes
MSV000090572,bread wheat,stored_grain,pass09_list07_1mz.raw,yes
MSV000090572,bread wheat,stored_grain,pass10_list07_0.5mz.raw,yes
MSV000090572,bread wheat,stored_grain,pass11_list07_0.2mz.raw,yes
MSV000090572,bread wheat,stored_grain,pass08_list08_2mz.raw,yes
MSV000090572,bread wheat,stored_grain,pass09_list08_1mz.raw,yes
MSV000090572,bread wheat,stored_grain,pass10_list08_0.5mz.raw,yes
MSV000090572,bread wheat,stored_grain,pass11_list08_0.2mz.raw,yes
MSV000090572,bread wheat,stored_grain,pass08_list09_2mz.raw,yes
MSV000090572,bread wheat,stored_grain,pass09_list09_1mz.raw,yes
MSV000090572,bread wheat,stored_grain,pass10_list09_0.5mz.raw,yes
MSV000090572,bread wheat,stored_grain,pass11_list09_0.2mz.raw,yes
MSV000090572,bread wheat,stored_grain,pass08_list10_2mz.raw,yes
MSV000090572,bread wheat,stored_grain,pass09_list10_1mz.raw,yes
MSV000090572,bread wheat,stored_grain,pass10_list10_0.5mz.raw,yes
MSV000090572,bread wheat,stored_grain,pass11_list10_0.2mz.raw,yes
PXD050500,bread wheat,coleoptile,230301-RD-Germ-Trypsin-lys-cHPLC-10_30-1_Slot1-34_1_750.d,no
PXD050500,bread wheat,coleoptile,230301-RD-Germ-Trypsin-lys-cHPLC-10_30-2_Slot1-34_1_766.d,no
PXD050500,bread wheat,coleoptile,230301-RD-Germ-Trypsin-lys-cHPLC-11_30-1_Slot1-35_1_751.d,no
PXD050500,bread wheat,coleoptile,230301-RD-Germ-Trypsin-lys-cHPLC-11_30-2_Slot1-35_1_767.d,no
PXD050500,bread wheat,coleoptile,230301-RD-Germ-Trypsin-lys-cHPLC-12_30-1_Slot1-36_1_752.d,no
PXD050500,bread wheat,coleoptile,230301-RD-Germ-Trypsin-lys-cHPLC-12_30-2_Slot1-36_1_768.d,no
PXD050500,bread wheat,coleoptile,230301-RD-Germ-Trypsin-lys-cHPLC-1_30-1_Slot1-25_1_738.d,no
PXD050500,bread wheat,coleoptile,230301-RD-Germ-Trypsin-lys-cHPLC-1_30-2_Slot1-25_1_753.d,no
PXD050500,bread wheat,coleoptile,230301-RD-Germ-Trypsin-lys-cHPLC-2_30-1_Slot1-26_1_739.d,no
PXD050500,bread wheat,coleoptile,230301-RD-Germ-Trypsin-lys-cHPLC-2_30-2_Slot1-26_1_754.d,no
PXD050500,bread wheat,coleoptile,230301-RD-Germ-Trypsin-lys-cHPLC-3_30-1_Slot1-27_1_740.d,no
PXD050500,bread wheat,coleoptile,230301-RD-Germ-Trypsin-lys-cHPLC-3_30-2_Slot1-27_1_755.d,no
PXD050500,bread wheat,coleoptile,230301-RD-Germ-Trypsin-lys-cHPLC-4_30-2_Slot1-28_1_756.d,no
PXD050500,bread wheat,coleoptile,230301-RD-Germ-Trypsin-lys-cHPLC-5_30-1_Slot1-29_1_742.d,no
PXD050500,bread wheat,coleoptile,230301-RD-Germ-Trypsin-lys-cHPLC-5_30-2_Slot1-29_1_761.d,no
PXD050500,bread wheat,coleoptile,230301-RD-Germ-Trypsin-lys-cHPLC-6_30-1_Slot1-30_1_743.d,no
PXD050500,bread wheat,coleoptile,230301-RD-Germ-Trypsin-lys-cHPLC-6_30-2_Slot1-30_1_762.d,no
PXD050500,bread wheat,coleoptile,230301-RD-Germ-Trypsin-lys-cHPLC-7_30-1_Slot1-31_1_744.d,no
PXD050500,bread wheat,coleoptile,230301-RD-Germ-Trypsin-lys-cHPLC-7_30-2_Slot1-31_1_763.d,no
PXD050500,bread wheat,coleoptile,230301-RD-Germ-Trypsin-lys-cHPLC-8_30-1_Slot1-32_1_745.d,no
PXD050500,bread wheat,coleoptile,230301-RD-Germ-Trypsin-lys-cHPLC-8_30-2_Slot1-32_1_764.d,no
PXD050500,bread wheat,coleoptile,230301-RD-Germ-Trypsin-lys-cHPLC-9_30-1_Slot1-33_1_749.d,no
PXD050500,bread wheat,coleoptile,230301-RD-Germ-Trypsin-lys-cHPLC-9_30-2_Slot1-33_1_765.d,no
PXD050500,bread wheat,coleoptile,230303-RD-Germ-Trypsin-lys-cHPLC-13_30-1_Slot1-37_1_772.d,no
PXD050500,bread wheat,coleoptile,230303-RD-Germ-Trypsin-lys-cHPLC-13_30-2_Slot1-37_1_773.d,no
PXD050500,bread wheat,coleoptile,230303-RD-Germ-Trypsin-lys-cHPLC-14_30-1_Slot1-38_1_774.d,no
PXD050500,bread wheat,coleoptile,230303-RD-Germ-Trypsin-lys-cHPLC-14_30-2_Slot1-38_1_775.d,no
PXD050500,bread wheat,coleoptile,230303-RD-Germ-Trypsin-lys-cHPLC-15_30-1_Slot1-39_1_776.d,no
PXD050500,bread wheat,coleoptile,230303-RD-Germ-Trypsin-lys-cHPLC-15_30-2_Slot1-39_1_777.d,no
PXD050500,bread wheat,coleoptile,230303-RD-Germ-Trypsin-lys-cHPLC-16_30-1_Slot1-40_1_778.d,no
PXD050500,bread wheat,coleoptile,230303-RD-Germ-Trypsin-lys-cHPLC-16_30-2_Slot1-40_1_779.d,no
PXD050500,bread wheat,coleoptile,230303-RD-Germ-Trypsin-lys-cHPLC-17_30-1_Slot1-41_1_783.d,no
PXD050500,bread wheat,coleoptile,230303-RD-Germ-Trypsin-lys-cHPLC-17_30-2_Slot1-41_1_784.d,no
PXD050500,bread wheat,coleoptile,230303-RD-Germ-Trypsin-lys-cHPLC-18_30-1_Slot1-42_1_785.d,no
PXD050500,bread wheat,coleoptile,230303-RD-Germ-Trypsin-lys-cHPLC-18_30-2_Slot1-42_1_786.d,no
PXD050500,bread wheat,coleoptile,230303-RD-Germ-Trypsin-lys-cHPLC-19_30-1_Slot1-43_1_787.d,no
PXD050500,bread wheat,coleoptile,230303-RD-Germ-Trypsin-lys-cHPLC-19_30-2_Slot1-43_1_788.d,no
PXD050500,bread wheat,coleoptile,230303-RD-Germ-Trypsin-lys-cHPLC-20_30-1_Slot1-44_1_789.d,no
PXD050500,bread wheat,coleoptile,230303-RD-Germ-Trypsin-lys-cHPLC-20_30-2_Slot1-44_1_790.d,no
PXD050500,bread wheat,coleoptile,230303-RD-Germ-Trypsin-lys-cHPLC-21_30-1_Slot1-45_1_796.d,no
PXD050500,bread wheat,coleoptile,230303-RD-Germ-Trypsin-lys-cHPLC-21_30-2_Slot1-45_1_797.d,no
PXD050500,bread wheat,coleoptile,230303-RD-Germ-Trypsin-lys-cHPLC-22_30-1_Slot1-46_1_798.d,no
PXD050500,bread wheat,coleoptile,230303-RD-Germ-Trypsin-lys-cHPLC-22_30-2_Slot1-46_1_799.d,no
PXD050500,bread wheat,coleoptile,230303-RD-Germ-Trypsin-lys-cHPLC-23_30-1_Slot1-47_1_800.d,no
PXD050500,bread wheat,coleoptile,230303-RD-Germ-Trypsin-lys-cHPLC-23_30-2_Slot1-47_1_801.d,no
PXD050500,bread wheat,coleoptile,230303-RD-Germ-Trypsin-lys-cHPLC-24_30-1_Slot1-48_1_807.d,no
PXD050500,bread wheat,coleoptile,230303-RD-Germ-Trypsin-lys-cHPLC-24_30-2_Slot1-48_1_808.d,no
PXD050500,bread wheat,coleoptile,230306-RD-Germ-Trypsin-lys-cHPLC-25_30-1_Slot1-49_1_809.d,no
PXD050500,bread wheat,coleoptile,230306-RD-Germ-Trypsin-lys-cHPLC-25_30-2_Slot1-49_1_810.d,no
PXD050500,bread wheat,coleoptile,230306-RD-Germ-Trypsin-lys-cHPLC-26_30-1_Slot1-50_1_811.d,no
PXD050500,bread wheat,coleoptile,230306-RD-Germ-Trypsin-lys-cHPLC-26_30-2_Slot1-50_1_812.d,no
PXD050500,bread wheat,coleoptile,230306-RD-Germ-Trypsin-lys-cHPLC-27_30-1_Slot1-51_1_813.d,no
PXD050500,bread wheat,coleoptile,230306-RD-Germ-Trypsin-lys-cHPLC-27_30-2_Slot1-51_1_814.d,no
PXD050500,bread wheat,coleoptile,230306-RD-Germ-Trypsin-lys-cHPLC-28_30-1_Slot1-52_1_818.d,no
PXD050500,bread wheat,coleoptile,230306-RD-Germ-Trypsin-lys-cHPLC-28_30-2_Slot1-52_1_819.d,no
PXD050500,bread wheat,coleoptile,230306-RD-Germ-Trypsin-lys-cHPLC-29_30-1_Slot1-53_1_820.d,no
PXD050500,bread wheat,coleoptile,230306-RD-Germ-Trypsin-lys-cHPLC-29_30-2_Slot1-53_1_821.d,no
PXD050500,bread wheat,coleoptile,230306-RD-Germ-Trypsin-lys-cHPLC-30_30-1_Slot1-54_1_822.d,no
PXD050500,bread wheat,coleoptile,230306-RD-Germ-Trypsin-lys-cHPLC-30_30-2_Slot1-54_1_823.d,no
PXD050500,bread wheat,node,230221-RD-Node-Trypsin-lys-cHPLC-10_30-1_Slot1-02_1_676.d,no
PXD050500,bread wheat,node,230221-RD-Node-Trypsin-lys-cHPLC-10_30-2_Slot1-02_1_677.d,no
PXD050500,bread wheat,node,230221-RD-Node-Trypsin-lys-cHPLC-11_30-1_Slot1-03_1_678.d,no
PXD050500,bread wheat,node,230221-RD-Node-Trypsin-lys-cHPLC-11_30-2_Slot1-03_1_679.d,no
PXD050500,bread wheat,node,230221-RD-Node-Trypsin-lys-cHPLC-12_30-1_Slot1-04_1_683.d,no
PXD050500,bread wheat,node,230221-RD-Node-Trypsin-lys-cHPLC-12_30-2_Slot1-04_1_684.d,no
PXD050500,bread wheat,node,230221-RD-Node-Trypsin-lys-cHPLC-1_30-2_Slot2-88_1_653.d,no
PXD050500,bread wheat,node,230221-RD-Node-Trypsin-lys-cHPLC-2_30-1_Slot2-89_1_654.d,no
PXD050500,bread wheat,node,230221-RD-Node-Trypsin-lys-cHPLC-2_30-2_Slot2-89_1_655.d,no
PXD050500,bread wheat,node,230221-RD-Node-Trypsin-lys-cHPLC-3_30-1_Slot2-90_1_656.d,no
PXD050500,bread wheat,node,230221-RD-Node-Trypsin-lys-cHPLC-3_30-2_Slot2-90_1_657.d,no
PXD050500,bread wheat,node,230221-RD-Node-Trypsin-lys-cHPLC-4_30-1_Slot2-91_1_661.d,no
PXD050500,bread wheat,node,230221-RD-Node-Trypsin-lys-cHPLC-4_30-2_Slot2-91_1_662.d,no
PXD050500,bread wheat,node,230221-RD-Node-Trypsin-lys-cHPLC-5_30-1_Slot2-92_1_663.d,no
PXD050500,bread wheat,node,230221-RD-Node-Trypsin-lys-cHPLC-5_30-2_Slot2-92_1_664.d,no
PXD050500,bread wheat,node,230221-RD-Node-Trypsin-lys-cHPLC-6_30-1_Slot2-93_1_665.d,no
PXD050500,bread wheat,node,230221-RD-Node-Trypsin-lys-cHPLC-6_30-2_Slot2-93_1_666.d,no
PXD050500,bread wheat,node,230221-RD-Node-Trypsin-lys-cHPLC-7_30-1_Slot2-94_1_667.d,no
PXD050500,bread wheat,node,230221-RD-Node-Trypsin-lys-cHPLC-7_30-2_Slot2-94_1_668.d,no
PXD050500,bread wheat,node,230221-RD-Node-Trypsin-lys-cHPLC-8_30-1_Slot2-95_1_669.d,no
PXD050500,bread wheat,node,230221-RD-Node-Trypsin-lys-cHPLC-8_30-2_Slot2-95_1_670.d,no
PXD050500,bread wheat,node,230221-RD-Node-Trypsin-lys-cHPLC-9_30-1_Slot1-01_1_674.d,no
PXD050500,bread wheat,node,230221-RD-Node-Trypsin-lys-cHPLC-9_30-2_Slot1-01_1_675.d,no
PXD050500,bread wheat,node,230224-RD-Node-Trypsin-lys-cHPLC-13_30-1_Slot1-05_1_685.d,no
PXD050500,bread wheat,node,230224-RD-Node-Trypsin-lys-cHPLC-13_30-2_Slot1-05_1_686.d,no
PXD050500,bread wheat,node,230224-RD-Node-Trypsin-lys-cHPLC-14_30-1_Slot1-06_1_690.d,no
PXD050500,bread wheat,node,230224-RD-Node-Trypsin-lys-cHPLC-14_30-2_Slot1-06_1_691.d,no
PXD050500,bread wheat,node,230224-RD-Node-Trypsin-lys-cHPLC-15_30-1_Slot1-07_1_692.d,no
PXD050500,bread wheat,node,230224-RD-Node-Trypsin-lys-cHPLC-15_30-2_Slot1-07_1_693.d,no
PXD050500,bread wheat,node,230224-RD-Node-Trypsin-lys-cHPLC-16_30-1_Slot1-08_1_694.d,no
PXD050500,bread wheat,node,230224-RD-Node-Trypsin-lys-cHPLC-16_30-2_Slot1-08_1_695.d,no
PXD050500,bread wheat,node,230224-RD-Node-Trypsin-lys-cHPLC-17_30-1_Slot1-09_1_696.d,no
PXD050500,bread wheat,node,230224-RD-Node-Trypsin-lys-cHPLC-17_30-2_Slot1-09_1_697.d,no
PXD050500,bread wheat,node,230224-RD-Node-Trypsin-lys-cHPLC-18_30-1_Slot1-10_1_698.d,no
PXD050500,bread wheat,node,230224-RD-Node-Trypsin-lys-cHPLC-18_30-2_Slot1-10_1_699.d,no
PXD050500,bread wheat,node,230224-RD-Node-Trypsin-lys-cHPLC-19_30-1_Slot1-11_1_703.d,no
PXD050500,bread wheat,node,230224-RD-Node-Trypsin-lys-cHPLC-19_30-2_Slot1-11_1_704.d,no
PXD050500,bread wheat,node,230224-RD-Node-Trypsin-lys-cHPLC-20_30-1_Slot1-12_1_705.d,no
PXD050500,bread wheat,node,230224-RD-Node-Trypsin-lys-cHPLC-20_30-2_Slot1-12_1_706.d,no
PXD050500,bread wheat,node,230224-RD-Node-Trypsin-lys-cHPLC-21_30-1_Slot1-13_1_707.d,no
PXD050500,bread wheat,node,230224-RD-Node-Trypsin-lys-cHPLC-21_30-2_Slot1-13_1_708.d,no
PXD050500,bread wheat,node,230224-RD-Node-Trypsin-lys-cHPLC-22_30-1_Slot1-14_1_709.d,no
PXD050500,bread wheat,node,230224-RD-Node-Trypsin-lys-cHPLC-22_30-2_Slot1-14_1_710.d,no
PXD050500,bread wheat,node,230224-RD-Node-Trypsin-lys-cHPLC-23_30-1_Slot1-15_1_711.d,no
PXD050500,bread wheat,node,230224-RD-Node-Trypsin-lys-cHPLC-23_30-2_Slot1-15_1_717.d,no
PXD050500,bread wheat,node,230224-RD-Node-Trypsin-lys-cHPLC-24_30-1_Slot1-16_1_718.d,no
PXD050500,bread wheat,node,230224-RD-Node-Trypsin-lys-cHPLC-24_30-2_Slot1-16_1_719.d,no
PXD050500,bread wheat,node,230224-RD-Node-Trypsin-lys-cHPLC-25_30-1_Slot1-17_1_720.d,no
PXD050500,bread wheat,node,230224-RD-Node-Trypsin-lys-cHPLC-25_30-2_Slot1-17_1_721.d,no
PXD050500,bread wheat,node,230224-RD-Node-Trypsin-lys-cHPLC-26_30-1_Slot1-18_1_722.d,no
PXD050500,bread wheat,node,230224-RD-Node-Trypsin-lys-cHPLC-26_30-2_Slot1-18_1_723.d,no
PXD050500,bread wheat,node,230224-RD-Node-Trypsin-lys-cHPLC-27_30-1_Slot1-19_1_724.d,no
PXD050500,bread wheat,node,230224-RD-Node-Trypsin-lys-cHPLC-27_30-2_Slot1-19_1_728.d,no
PXD050500,bread wheat,node,230224-RD-Node-Trypsin-lys-cHPLC-28_30-1_Slot1-20_1_729.d,no
PXD050500,bread wheat,node,230224-RD-Node-Trypsin-lys-cHPLC-28_30-2_Slot1-20_1_730.d,no
PXD050500,bread wheat,node,230224-RD-Node-Trypsin-lys-cHPLC-29_30-1_Slot1-21_1_731.d,no
PXD050500,bread wheat,node,230224-RD-Node-Trypsin-lys-cHPLC-29_30-2_Slot1-21_1_732.d,no
PXD050500,bread wheat,node,230224-RD-Node-Trypsin-lys-cHPLC-30_30-1_Slot1-22_1_733.d,no
PXD050500,bread wheat,node,230224-RD-Node-Trypsin-lys-cHPLC-30_30-2_Slot1-22_1_734.d,no
PXD050500,bread wheat,radicle,230308-RD-Root-Trypsin-lys-cHPLC-10_30-1_Slot2-10_1_855.d,no
PXD050500,bread wheat,radicle,230308-RD-Root-Trypsin-lys-cHPLC-10_30-2_Slot2-10_1_856.d,no
PXD050500,bread wheat,radicle,230308-RD-Root-Trypsin-lys-cHPLC-11_30-1_Slot2-11_1_857.d,no
PXD050500,bread wheat,radicle,230308-RD-Root-Trypsin-lys-cHPLC-11_30-2_Slot2-11_1_858.d,no
PXD050500,bread wheat,radicle,230308-RD-Root-Trypsin-lys-cHPLC-12_30-1_Slot2-12_1_859.d,no
PXD050500,bread wheat,radicle,230308-RD-Root-Trypsin-lys-cHPLC-12_30-2_Slot2-12_1_860.d,no
PXD050500,bread wheat,radicle,230308-RD-Root-Trypsin-lys-cHPLC-1_30-2_Slot2-01_1_825.d,no
PXD050500,bread wheat,radicle,230308-RD-Root-Trypsin-lys-cHPLC-1_30-3_Slot2-01_1_914.d,no
PXD050500,bread wheat,radicle,230308-RD-Root-Trypsin-lys-cHPLC-2_30-2_Slot2-02_1_830.d,no
PXD050500,bread wheat,radicle,230308-RD-Root-Trypsin-lys-cHPLC-2_30-3_Slot2-02_1_915.d,no
PXD050500,bread wheat,radicle,230308-RD-Root-Trypsin-lys-cHPLC-3_30-1_Slot2-03_1_831.d,no
PXD050500,bread wheat,radicle,230308-RD-Root-Trypsin-lys-cHPLC-3_30-2_Slot2-03_1_832.d,no
PXD050500,bread wheat,radicle,230308-RD-Root-Trypsin-lys-cHPLC-4_30-1_Slot2-04_1_833.d,no
PXD050500,bread wheat,radicle,230308-RD-Root-Trypsin-lys-cHPLC-4_30-2_Slot2-04_1_834.d,no
PXD050500,bread wheat,radicle,230308-RD-Root-Trypsin-lys-cHPLC-5_30-1_Slot2-05_1_835.d,no
PXD050500,bread wheat,radicle,230308-RD-Root-Trypsin-lys-cHPLC-5_30-2_Slot2-05_1_836.d,no
PXD050500,bread wheat,radicle,230308-RD-Root-Trypsin-lys-cHPLC-6_30-1_Slot2-06_1_840.d,no
PXD050500,bread wheat,radicle,230308-RD-Root-Trypsin-lys-cHPLC-6_30-2_Slot2-06_1_841.d,no
PXD050500,bread wheat,radicle,230308-RD-Root-Trypsin-lys-cHPLC-7_30-1_Slot2-07_1_842.d,no
PXD050500,bread wheat,radicle,230308-RD-Root-Trypsin-lys-cHPLC-7_30-2_Slot2-07_1_843.d,no
PXD050500,bread wheat,radicle,230308-RD-Root-Trypsin-lys-cHPLC-8_30-1_Slot2-08_1_844.d,no
PXD050500,bread wheat,radicle,230308-RD-Root-Trypsin-lys-cHPLC-8_30-2_Slot2-08_1_845.d,no
PXD050500,bread wheat,radicle,230308-RD-Root-Trypsin-lys-cHPLC-9_30-1_Slot2-09_1_853.d,no
PXD050500,bread wheat,radicle,230308-RD-Root-Trypsin-lys-cHPLC-9_30-2_Slot2-09_1_854.d,no
PXD050500,bread wheat,radicle,230311-RD-Root-Trypsin-lys-cHPLC-13_30-1_Slot1-55_1_866.d,no
PXD050500,bread wheat,radicle,230311-RD-Root-Trypsin-lys-cHPLC-13_30-2_Slot1-55_1_867.d,no
PXD050500,bread wheat,radicle,230311-RD-Root-Trypsin-lys-cHPLC-14_30-1_Slot1-56_1_868.d,no
PXD050500,bread wheat,radicle,230311-RD-Root-Trypsin-lys-cHPLC-14_30-2_Slot1-56_1_869.d,no
PXD050500,bread wheat,radicle,230311-RD-Root-Trypsin-lys-cHPLC-15_30-1_Slot1-57_1_870.d,no
PXD050500,bread wheat,radicle,230311-RD-Root-Trypsin-lys-cHPLC-15_30-2_Slot1-57_1_871.d,no
PXD050500,bread wheat,radicle,230311-RD-Root-Trypsin-lys-cHPLC-16_30-1_Slot1-58_1_872.d,no
PXD050500,bread wheat,radicle,230311-RD-Root-Trypsin-lys-cHPLC-16_30-2_Slot1-58_1_873.d,no
PXD050500,bread wheat,radicle,230311-RD-Root-Trypsin-lys-cHPLC-17_30-1_Slot1-59_1_877.d,no
PXD050500,bread wheat,radicle,230311-RD-Root-Trypsin-lys-cHPLC-17_30-2_Slot1-59_1_878.d,no
PXD050500,bread wheat,radicle,230311-RD-Root-Trypsin-lys-cHPLC-18_30-1_Slot1-60_1_879.d,no
PXD050500,bread wheat,radicle,230311-RD-Root-Trypsin-lys-cHPLC-18_30-2_Slot1-60_1_880.d,no
PXD050500,bread wheat,radicle,230311-RD-Root-Trypsin-lys-cHPLC-19_30-1_Slot1-61_1_881.d,no
PXD050500,bread wheat,radicle,230311-RD-Root-Trypsin-lys-cHPLC-19_30-2_Slot1-61_1_882.d,no
PXD050500,bread wheat,radicle,230311-RD-Root-Trypsin-lys-cHPLC-20_30-1_Slot1-62_1_883.d,no
PXD050500,bread wheat,radicle,230311-RD-Root-Trypsin-lys-cHPLC-20_30-2_Slot1-62_1_884.d,no
PXD050500,bread wheat,radicle,230311-RD-Root-Trypsin-lys-cHPLC-21_30-1_Slot1-63_1_888.d,no
PXD050500,bread wheat,radicle,230311-RD-Root-Trypsin-lys-cHPLC-21_30-2_Slot1-63_1_889.d,no
PXD050500,bread wheat,radicle,230311-RD-Root-Trypsin-lys-cHPLC-22_30-1_Slot1-64_1_890.d,no
PXD050500,bread wheat,radicle,230311-RD-Root-Trypsin-lys-cHPLC-22_30-2_Slot1-64_1_891.d,no
PXD050500,bread wheat,radicle,230311-RD-Root-Trypsin-lys-cHPLC-23_30-1_Slot1-65_1_892.d,no
PXD050500,bread wheat,radicle,230311-RD-Root-Trypsin-lys-cHPLC-23_30-2_Slot1-65_1_893.d,no
PXD050500,bread wheat,radicle,230311-RD-Root-Trypsin-lys-cHPLC-24_30-1_Slot1-66_1_894.d,no
PXD050500,bread wheat,radicle,230311-RD-Root-Trypsin-lys-cHPLC-24_30-2_Slot1-66_1_895.d,no
PXD050500,bread wheat,radicle,230311-RD-Root-Trypsin-lys-cHPLC-25_30-1_Slot1-67_1_899.d,no
PXD050500,bread wheat,radicle,230311-RD-Root-Trypsin-lys-cHPLC-25_30-2_Slot1-67_1_900.d,no
PXD050500,bread wheat,radicle,230311-RD-Root-Trypsin-lys-cHPLC-26_30-1_Slot1-68_1_901.d,no
PXD050500,bread wheat,radicle,230311-RD-Root-Trypsin-lys-cHPLC-26_30-2_Slot1-68_1_902.d,no
PXD050500,bread wheat,radicle,230311-RD-Root-Trypsin-lys-cHPLC-27_30-1_Slot1-69_1_903.d,no
PXD050500,bread wheat,radicle,230311-RD-Root-Trypsin-lys-cHPLC-27_30-2_Slot1-69_1_904.d,no
PXD050500,bread wheat,radicle,230311-RD-Root-Trypsin-lys-cHPLC-28_30-1_Slot1-70_1_905.d,no
PXD050500,bread wheat,radicle,230311-RD-Root-Trypsin-lys-cHPLC-28_30-2_Slot1-70_1_906.d,no
PXD050500,bread wheat,radicle,230311-RD-Root-Trypsin-lys-cHPLC-29_30-1_Slot1-71_1_910.d,no
PXD050500,bread wheat,radicle,230311-RD-Root-Trypsin-lys-cHPLC-29_30-2_Slot1-71_1_911.d,no
PXD050500,bread wheat,radicle,230311-RD-Root-Trypsin-lys-cHPLC-30_30-1_Slot1-72_1_912.d,no
PXD050500,bread wheat,radicle,230311-RD-Root-Trypsin-lys-cHPLC-30_30-2_Slot1-72_1_913.d,no
PXD004720,bread wheat,anther,ANTHER_1.mzXML,yes
PXD004720,bread wheat,anther,ANTHER_10.mzXML,yes
PXD004720,bread wheat,anther,ANTHER_11.mzXML,yes
PXD004720,bread wheat,anther,ANTHER_12.mzXML,yes
PXD004720,bread wheat,anther,ANTHER_2.mzXML,yes
PXD004720,bread wheat,anther,ANTHER_3.mzXML,yes
PXD004720,bread wheat,anther,ANTHER_4.mzXML,yes
PXD004720,bread wheat,anther,ANTHER_5.mzXML,yes
PXD004720,bread wheat,anther,ANTHER_6.mzXML,yes
PXD004720,bread wheat,anther,ANTHER_7.mzXML,yes
PXD004720,bread wheat,anther,ANTHER_8.mzXML,yes
PXD004720,bread wheat,anther,ANTHER_9.mzXML,yes
PXD004720,bread wheat,boot,BOOTS_1.mzXML,yes
PXD004720,bread wheat,boot,BOOTS_10.mzXML,yes
PXD004720,bread wheat,boot,BOOTS_11.mzXML,yes
PXD004720,bread wheat,boot,BOOTS_12.mzXML,yes
PXD004720,bread wheat,boot,BOOTS_2.mzXML,yes
PXD004720,bread wheat,boot,BOOTS_3.mzXML,yes
PXD004720,bread wheat,boot,BOOTS_4.mzXML,yes
PXD004720,bread wheat,boot,BOOTS_5.mzXML,yes
PXD004720,bread wheat,boot,BOOTS_6.mzXML,yes
PXD004720,bread wheat,boot,BOOTS_7.mzXML,yes
PXD004720,bread wheat,boot,BOOTS_8.mzXML,yes
PXD004720,bread wheat,boot,BOOTS_9.mzXML,yes
PXD004720,bread wheat,coleoptile,COLEOPTILE-r001.mzXML,yes
PXD004720,bread wheat,coleoptile,COLEOPTILE-r002.mzXML,yes
PXD004720,bread wheat,coleoptile,COLEOPTILE-r003.mzXML,yes
PXD004720,bread wheat,coleoptile,COLEOPTILE-r004.mzXML,yes
PXD004720,bread wheat,coleoptile,COLEOPTILE-r005.mzXML,yes
PXD004720,bread wheat,coleoptile,COLEOPTILE-r006.mzXML,yes
PXD004720,bread wheat,coleoptile,COLEOPTILE-r007.mzXML,yes
PXD004720,bread wheat,coleoptile,COLEOPTILE-r008.mzXML,yes
PXD004720,bread wheat,coleoptile,COLEOPTILE-r009.mzXML,yes
PXD004720,bread wheat,coleoptile,COLEOPTILE-r010.mzXML,yes
PXD004720,bread wheat,coleoptile,COLEOPTILE-r011.mzXML,yes
PXD004720,bread wheat,coleoptile,COLEOPTILE-r012.mzXML,yes
PXD004720,bread wheat,embryo,WHEATEMB1.mzXML,yes
PXD004720,bread wheat,embryo,WHEATEMB10.mzXML,yes
PXD004720,bread wheat,embryo,WHEATEMB11.mzXML,yes
PXD004720,bread wheat,embryo,WHEATEMB12.mzXML,yes
PXD004720,bread wheat,embryo,WHEATEMB2.mzXML,yes
PXD004720,bread wheat,embryo,WHEATEMB3.mzXML,yes
PXD004720,bread wheat,embryo,WHEATEMB4.mzXML,yes
PXD004720,bread wheat,embryo,WHEATEMB5.mzXML,yes
PXD004720,bread wheat,embryo,WHEATEMB6.mzXML,yes
PXD004720,bread wheat,embryo,WHEATEMB7.mzXML,yes
PXD004720,bread wheat,embryo,WHEATEMB8.mzXML,yes
PXD004720,bread wheat,embryo,WHEATEMB9.mzXML,yes
PXD004720,bread wheat,endosperm,ENDO-r001.mzXML,yes
PXD004720,bread wheat,endosperm,ENDO-r002.mzXML,yes
PXD004720,bread wheat,endosperm,ENDO-r003.mzXML,yes
PXD004720,bread wheat,endosperm,ENDO-r004.mzXML,yes
PXD004720,bread wheat,endosperm,ENDO-r005.mzXML,yes
PXD004720,bread wheat,endosperm,ENDO-r006.mzXML,yes
PXD004720,bread wheat,endosperm,ENDO-r007.mzXML,yes
PXD004720,bread wheat,endosperm,ENDO-r008.mzXML,yes
PXD004720,bread wheat,endosperm,ENDO-r009.mzXML,yes
PXD004720,bread wheat,endosperm,ENDO-r010.mzXML,yes
PXD004720,bread wheat,endosperm,ENDO-r011.mzXML,yes
PXD004720,bread wheat,endosperm,ENDO-r012.mzXML,yes
PXD004720,bread wheat,glume,GLUMES-r001.mzXML,yes
PXD004720,bread wheat,glume,GLUMES-r002.mzXML,yes
PXD004720,bread wheat,glume,GLUMES-r003.mzXML,yes
PXD004720,bread wheat,glume,GLUMES-r004.mzXML,yes
PXD004720,bread wheat,glume,GLUMES-r005.mzXML,yes
PXD004720,bread wheat,glume,GLUMES-r006.mzXML,yes
PXD004720,bread wheat,glume,GLUMES-r007.mzXML,yes
PXD004720,bread wheat,glume,GLUMES-r008.mzXML,yes
PXD004720,bread wheat,glume,GLUMES-r009.mzXML,yes
PXD004720,bread wheat,glume,GLUMES-r010.mzXML,yes
PXD004720,bread wheat,glume,GLUMES-r011.mzXML,yes
PXD004720,bread wheat,glume,GLUMES-r012.mzXML,yes
PXD004720,bread wheat,grain-zadoks-70,ZADOCKS70_1.mzXML,yes
PXD004720,bread wheat,grain-zadoks-70,ZADOCKS70_10.mzXML,yes
PXD004720,bread wheat,grain-zadoks-70,ZADOCKS70_11.mzXML,yes
PXD004720,bread wheat,grain-zadoks-70,ZADOCKS70_12.mzXML,yes
PXD004720,bread wheat,grain-zadoks-70,ZADOCKS70_2.mzXML,yes
PXD004720,bread wheat,grain-zadoks-70,ZADOCKS70_3.mzXML,yes
PXD004720,bread wheat,grain-zadoks-70,ZADOCKS70_4.mzXML,yes
PXD004720,bread wheat,grain-zadoks-70,ZADOCKS70_5.mzXML,yes
PXD004720,bread wheat,grain-zadoks-70,ZADOCKS70_6.mzXML,yes
PXD004720,bread wheat,grain-zadoks-70,ZADOCKS70_7.mzXML,yes
PXD004720,bread wheat,grain-zadoks-70,ZADOCKS70_8.mzXML,yes
PXD004720,bread wheat,grain-zadoks-70,ZADOCKS70_9.mzXML,yes
PXD004720,bread wheat,grain-zadoks-71,ZADOCKS71_1.mzXML,yes
PXD004720,bread wheat,grain-zadoks-71,ZADOCKS71_10.mzXML,yes
PXD004720,bread wheat,grain-zadoks-71,ZADOCKS71_11.mzXML,yes
PXD004720,bread wheat,grain-zadoks-71,ZADOCKS71_12.mzXML,yes
PXD004720,bread wheat,grain-zadoks-71,ZADOCKS71_2.mzXML,yes
PXD004720,bread wheat,grain-zadoks-71,ZADOCKS71_3.mzXML,yes
PXD004720,bread wheat,grain-zadoks-71,ZADOCKS71_4.mzXML,yes
PXD004720,bread wheat,grain-zadoks-71,ZADOCKS71_5.mzXML,yes
PXD004720,bread wheat,grain-zadoks-71,ZADOCKS71_6.mzXML,yes
PXD004720,bread wheat,grain-zadoks-71,ZADOCKS71_7.mzXML,yes
PXD004720,bread wheat,grain-zadoks-71,ZADOCKS71_8.mzXML,yes
PXD004720,bread wheat,grain-zadoks-71,ZADOCKS71_9.mzXML,yes
PXD004720,bread wheat,grain-zadoks-75,ZADOCKS75_1.mzXML,yes
PXD004720,bread wheat,grain-zadoks-75,ZADOCKS75_10.mzXML,yes
PXD004720,bread wheat,grain-zadoks-75,ZADOCKS75_11.mzXML,yes
PXD004720,bread wheat,grain-zadoks-75,ZADOCKS75_12.mzXML,yes
PXD004720,bread wheat,grain-zadoks-75,ZADOCKS75_2.mzXML,yes
PXD004720,bread wheat,grain-zadoks-75,ZADOCKS75_3.mzXML,yes
PXD004720,bread wheat,grain-zadoks-75,ZADOCKS75_4.mzXML,yes
PXD004720,bread wheat,grain-zadoks-75,ZADOCKS75_5.mzXML,yes
PXD004720,bread wheat,grain-zadoks-75,ZADOCKS75_6.mzXML,yes
PXD004720,bread wheat,grain-zadoks-75,ZADOCKS75_7.mzXML,yes
PXD004720,bread wheat,grain-zadoks-75,ZADOCKS75_8.mzXML,yes
PXD004720,bread wheat,grain-zadoks-75,ZADOCKS75_9.mzXML,yes
PXD004720,bread wheat,grain-zadoks-83,ZADOCKS83_1.mzXML,yes
PXD004720,bread wheat,grain-zadoks-83,ZADOCKS83_10.mzXML,yes
PXD004720,bread wheat,grain-zadoks-83,ZADOCKS83_11.mzXML,yes
PXD004720,bread wheat,grain-zadoks-83,ZADOCKS83_12.mzXML,yes
PXD004720,bread wheat,grain-zadoks-83,ZADOCKS83_2.mzXML,yes
PXD004720,bread wheat,grain-zadoks-83,ZADOCKS83_3.mzXML,yes
PXD004720,bread wheat,grain-zadoks-83,ZADOCKS83_4.mzXML,yes
PXD004720,bread wheat,grain-zadoks-83,ZADOCKS83_5.mzXML,yes
PXD004720,bread wheat,grain-zadoks-83,ZADOCKS83_6.mzXML,yes
PXD004720,bread wheat,grain-zadoks-83,ZADOCKS83_7.mzXML,yes
PXD004720,bread wheat,grain-zadoks-83,ZADOCKS83_8.mzXML,yes
PXD004720,bread wheat,grain-zadoks-83,ZADOCKS83_9.mzXML,yes
PXD004720,bread wheat,grain-zadoks-87,ZADOCKS87_1.mzXML,yes
PXD004720,bread wheat,grain-zadoks-87,ZADOCKS87_10.mzXML,yes
PXD004720,bread wheat,grain-zadoks-87,ZADOCKS87_11.mzXML,yes
PXD004720,bread wheat,grain-zadoks-87,ZADOCKS87_12.mzXML,yes
PXD004720,bread wheat,grain-zadoks-87,ZADOCKS87_2.mzXML,yes
PXD004720,bread wheat,grain-zadoks-87,ZADOCKS87_3.mzXML,yes
PXD004720,bread wheat,grain-zadoks-87,ZADOCKS87_4.mzXML,yes
PXD004720,bread wheat,grain-zadoks-87,ZADOCKS87_5.mzXML,yes
PXD004720,bread wheat,grain-zadoks-87,ZADOCKS87_6.mzXML,yes
PXD004720,bread wheat,grain-zadoks-87,ZADOCKS87_7.mzXML,yes
PXD004720,bread wheat,grain-zadoks-87,ZADOCKS87_8.mzXML,yes
PXD004720,bread wheat,grain-zadoks-87,ZADOCKS87_9.mzXML,yes
PXD004720,bread wheat,leaf-flag-mature,FLAG_HIPH_1.mzXML,yes
PXD004720,bread wheat,leaf-flag-mature,FLAG_HIPH_10.mzXML,yes
PXD004720,bread wheat,leaf-flag-mature,FLAG_HIPH_11.mzXML,yes
PXD004720,bread wheat,leaf-flag-mature,FLAG_HIPH_12.mzXML,yes
PXD004720,bread wheat,leaf-flag-mature,FLAG_HIPH_2.mzXML,yes
PXD004720,bread wheat,leaf-flag-mature,FLAG_HIPH_3.mzXML,yes
PXD004720,bread wheat,leaf-flag-mature,FLAG_HIPH_4.mzXML,yes
PXD004720,bread wheat,leaf-flag-mature,FLAG_HIPH_5.mzXML,yes
PXD004720,bread wheat,leaf-flag-mature,FLAG_HIPH_6.mzXML,yes
PXD004720,bread wheat,leaf-flag-mature,FLAG_HIPH_7.mzXML,yes
PXD004720,bread wheat,leaf-flag-mature,FLAG_HIPH_8.mzXML,yes
PXD004720,bread wheat,leaf-flag-mature,FLAG_HIPH_9.mzXML,yes
PXD004720,bread wheat,leaf-flag-senescing,OLD01.mzXML,yes
PXD004720,bread wheat,leaf-flag-senescing,OLD02.mzXML,yes
PXD004720,bread wheat,leaf-flag-senescing,OLD03.mzXML,yes
PXD004720,bread wheat,leaf-flag-senescing,OLD04.mzXML,yes
PXD004720,bread wheat,leaf-flag-senescing,OLD05.mzXML,yes
PXD004720,bread wheat,leaf-flag-senescing,OLD06.mzXML,yes
PXD004720,bread wheat,leaf-flag-senescing,OLD07.mzXML,yes
PXD004720,bread wheat,leaf-flag-senescing,OLD08.mzXML,yes
PXD004720,bread wheat,leaf-flag-senescing,OLD09.mzXML,yes
PXD004720,bread wheat,leaf-flag-senescing,OLD10.mzXML,yes
PXD004720,bread wheat,leaf-flag-senescing,OLD11.mzXML,yes
PXD004720,bread wheat,leaf-flag-senescing,OLD12.mzXML,yes
PXD004720,bread wheat,leaf-flag-young,YL_HIPH_1.mzXML,yes
PXD004720,bread wheat,leaf-flag-young,YL_HIPH_10.mzXML,yes
PXD004720,bread wheat,leaf-flag-young,YL_HIPH_11.mzXML,yes
PXD004720,bread wheat,leaf-flag-young,YL_HIPH_12.mzXML,yes
PXD004720,bread wheat,leaf-flag-young,YL_HIPH_2.mzXML,yes
PXD004720,bread wheat,leaf-flag-young,YL_HIPH_3.mzXML,yes
PXD004720,bread wheat,leaf-flag-young,YL_HIPH_4.mzXML,yes
PXD004720,bread wheat,leaf-flag-young,YL_HIPH_5.mzXML,yes
PXD004720,bread wheat,leaf-flag-young,YL_HIPH_6.mzXML,yes
PXD004720,bread wheat,leaf-flag-young,YL_HIPH_7.mzXML,yes
PXD004720,bread wheat,leaf-flag-young,YL_HIPH_8.mzXML,yes
PXD004720,bread wheat,leaf-flag-young,YL_HIPH_9.mzXML,yes
PXD004720,bread wheat,lemma,LEMMA-r001.mzXML,yes
PXD004720,bread wheat,lemma,LEMMA-r002.mzXML,yes
PXD004720,bread wheat,lemma,LEMMA-r003.mzXML,yes
PXD004720,bread wheat,lemma,LEMMA-r004.mzXML,yes
PXD004720,bread wheat,lemma,LEMMA-r005.mzXML,yes
PXD004720,bread wheat,lemma,LEMMA-r006.mzXML,yes
PXD004720,bread wheat,lemma,LEMMA-r007.mzXML,yes
PXD004720,bread wheat,lemma,LEMMA-r008.mzXML,yes
PXD004720,bread wheat,lemma,LEMMA-r009.mzXML,yes
PXD004720,bread wheat,lemma,LEMMA-r010.mzXML,yes
PXD004720,bread wheat,lemma,LEMMA-r011.mzXML,yes
PXD004720,bread wheat,lemma,LEMMA-r012.mzXML,yes
PXD004720,bread wheat,node,NODE01.mzXML,yes
PXD004720,bread wheat,node,NODE02.mzXML,yes
PXD004720,bread wheat,node,NODE03.mzXML,yes
PXD004720,bread wheat,node,NODE04.mzXML,yes
PXD004720,bread wheat,node,NODE05.mzXML,yes
PXD004720,bread wheat,node,NODE06.mzXML,yes
PXD004720,bread wheat,node,NODE07.mzXML,yes
PXD004720,bread wheat,node,NODE08.mzXML,yes
PXD004720,bread wheat,node,NODE09.mzXML,yes
PXD004720,bread wheat,node,NODE10.mzXML,yes
PXD004720,bread wheat,node,NODE11.mzXML,yes
PXD004720,bread wheat,node,NODE12.mzXML,yes
PXD004720,bread wheat,node_secretion,NODE_HIPH_1.mzXML,yes
PXD004720,bread wheat,node_secretion,NODE_HIPH_10.mzXML,yes
PXD004720,bread wheat,node_secretion,NODE_HIPH_11.mzXML,yes
PXD004720,bread wheat,node_secretion,NODE_HIPH_12.mzXML,yes
PXD004720,bread wheat,node_secretion,NODE_HIPH_2.mzXML,yes
PXD004720,bread wheat,node_secretion,NODE_HIPH_3.mzXML,yes
PXD004720,bread wheat,node_secretion,NODE_HIPH_4.mzXML,yes
PXD004720,bread wheat,node_secretion,NODE_HIPH_5.mzXML,yes
PXD004720,bread wheat,node_secretion,NODE_HIPH_6.mzXML,yes
PXD004720,bread wheat,node_secretion,NODE_HIPH_7.mzXML,yes
PXD004720,bread wheat,node_secretion,NODE_HIPH_8.mzXML,yes
PXD004720,bread wheat,node_secretion,NODE_HIPH_9.mzXML,yes
PXD004720,bread wheat,palea,PALEA-r001.mzXML,yes
PXD004720,bread wheat,palea,PALEA-r002.mzXML,yes
PXD004720,bread wheat,palea,PALEA-r003.mzXML,yes
PXD004720,bread wheat,palea,PALEA-r004.mzXML,yes
PXD004720,bread wheat,palea,PALEA-r005.mzXML,yes
PXD004720,bread wheat,palea,PALEA-r006.mzXML,yes
PXD004720,bread wheat,palea,PALEA-r007.mzXML,yes
PXD004720,bread wheat,palea,PALEA-r008.mzXML,yes
PXD004720,bread wheat,palea,PALEA-r009.mzXML,yes
PXD004720,bread wheat,palea,PALEA-r010.mzXML,yes
PXD004720,bread wheat,palea,PALEA-r012.mzXML,yes
PXD004720,bread wheat,pericarp,SEEDC-r001.mzXML,yes
PXD004720,bread wheat,pericarp,SEEDC-r002.mzXML,yes
PXD004720,bread wheat,pericarp,SEEDC-r003.mzXML,yes
PXD004720,bread wheat,pericarp,SEEDC-r004.mzXML,yes
PXD004720,bread wheat,pericarp,SEEDC-r005.mzXML,yes
PXD004720,bread wheat,pericarp,SEEDC-r006.mzXML,yes
PXD004720,bread wheat,pericarp,SEEDC-r007.mzXML,yes
PXD004720,bread wheat,pericarp,SEEDC-r008.mzXML,yes
PXD004720,bread wheat,pericarp,SEEDC-r009.mzXML,yes
PXD004720,bread wheat,pericarp,SEEDC-r010.mzXML,yes
PXD004720,bread wheat,pericarp,SEEDC-r011.mzXML,yes
PXD004720,bread wheat,pericarp,SEEDC-r012.mzXML,yes
PXD004720,bread wheat,pollen,POLLEN-r001.mzXML,yes
PXD004720,bread wheat,pollen,POLLEN-r002.mzXML,yes
PXD004720,bread wheat,pollen,POLLEN-r003.mzXML,yes
PXD004720,bread wheat,pollen,POLLEN-r004.mzXML,yes
PXD004720,bread wheat,pollen,POLLEN-r005.mzXML,yes
PXD004720,bread wheat,pollen,POLLEN-r006.mzXML,yes
PXD004720,bread wheat,pollen,POLLEN-r007.mzXML,yes
PXD004720,bread wheat,pollen,POLLEN-r008.mzXML,yes
PXD004720,bread wheat,pollen,POLLEN-r009.mzXML,yes
PXD004720,bread wheat,pollen,POLLEN-r010.mzXML,yes
PXD004720,bread wheat,pollen,POLLEN-r011.mzXML,yes
PXD004720,bread wheat,pollen,POLLEN-r012.mzXML,yes
PXD004720,bread wheat,rachilla,ROCHELLA-r001.mzXML,yes
PXD004720,bread wheat,rachilla,ROCHELLA-r002.mzXML,yes
PXD004720,bread wheat,rachilla,ROCHELLA-r003.mzXML,yes
PXD004720,bread wheat,rachilla,ROCHELLA-r004.mzXML,yes
PXD004720,bread wheat,rachilla,ROCHELLA-r005.mzXML,yes
PXD004720,bread wheat,rachilla,ROCHELLA-r006.mzXML,yes
PXD004720,bread wheat,rachilla,ROCHELLA-r007.mzXML,yes
PXD004720,bread wheat,rachilla,ROCHELLA-r008.mzXML,yes
PXD004720,bread wheat,rachilla,ROCHELLA-r009.mzXML,yes
PXD004720,bread wheat,rachilla,ROCHELLA-r010.mzXML,yes
PXD004720,bread wheat,rachilla,ROCHELLA-r011.mzXML,yes
PXD004720,bread wheat,rachilla,ROCHELLA-r012.mzXML,yes
PXD004720,bread wheat,radicle,HAIRY_ROOT-r001.mzXML,yes
PXD004720,bread wheat,radicle,HAIRY_ROOT-r002.mzXML,yes
PXD004720,bread wheat,radicle,HAIRY_ROOT-r003.mzXML,yes
PXD004720,bread wheat,radicle,HAIRY_ROOT-r004.mzXML,yes
PXD004720,bread wheat,radicle,HAIRY_ROOT-r005.mzXML,yes
PXD004720,bread wheat,radicle,HAIRY_ROOT-r006.mzXML,yes
PXD004720,bread wheat,radicle,HAIRY_ROOT-r007.mzXML,yes
PXD004720,bread wheat,radicle,HAIRY_ROOT-r008.mzXML,yes
PXD004720,bread wheat,radicle,HAIRY_ROOT-r009.mzXML,yes
PXD004720,bread wheat,radicle,HAIRY_ROOT-r010.mzXML,yes
PXD004720,bread wheat,radicle,HAIRY_ROOT-r011.mzXML,yes
PXD004720,bread wheat,radicle,HAIRY_ROOT-r012.mzXML,yes
PXD004720,bread wheat,root-mature,ROOTS10.mzXML,yes
PXD004720,bread wheat,root-mature,ROOTS11.mzXML,yes
PXD004720,bread wheat,root-mature,ROOTS12.mzXML,yes
PXD004720,bread wheat,root-mature,ROOTS1a.mzXML,yes
PXD004720,bread wheat,root-mature,ROOTS2.mzXML,yes
PXD004720,bread wheat,root-mature,ROOTS3.mzXML,yes
PXD004720,bread wheat,root-mature,ROOTS4.mzXML,yes
PXD004720,bread wheat,root-mature,ROOTS5.mzXML,yes
PXD004720,bread wheat,root-mature,ROOTS6.mzXML,yes
PXD004720,bread wheat,root-mature,ROOTS7.mzXML,yes
PXD004720,bread wheat,root-mature,ROOTS8.mzXML,yes
PXD004720,bread wheat,root-mature,ROOTS9.mzXML,yes
PXD004720,bread wheat,root-secretion,ROOTFRAC1.mzXML,yes
PXD004720,bread wheat,root-secretion,ROOTFRAC10.mzXML,yes
PXD004720,bread wheat,root-secretion,ROOTFRAC11.mzXML,yes
PXD004720,bread wheat,root-secretion,ROOTFRAC12.mzXML,yes
PXD004720,bread wheat,root-secretion,ROOTFRAC2.mzXML,yes
PXD004720,bread wheat,root-secretion,ROOTFRAC3.mzXML,yes
PXD004720,bread wheat,root-secretion,ROOTFRAC4.mzXML,yes
PXD004720,bread wheat,root-secretion,ROOTFRAC5.mzXML,yes
PXD004720,bread wheat,root-secretion,ROOTFRAC6.mzXML,yes
PXD004720,bread wheat,root-secretion,ROOTFRAC7.mzXML,yes
PXD004720,bread wheat,root-secretion,ROOTFRAC8.mzXML,yes
PXD004720,bread wheat,root-secretion,ROOTFRAC9.mzXML,yes
PXD004720,bread wheat,root-tip,ROOT_TIPS-r001.mzXML,yes
PXD004720,bread wheat,root-tip,ROOT_TIPS-r002.mzXML,yes
PXD004720,bread wheat,root-tip,ROOT_TIPS-r003.mzXML,yes
PXD004720,bread wheat,root-tip,ROOT_TIPS-r004.mzXML,yes
PXD004720,bread wheat,root-tip,ROOT_TIPS-r005.mzXML,yes
PXD004720,bread wheat,root-tip,ROOT_TIPS-r006.mzXML,yes
PXD004720,bread wheat,root-tip,ROOT_TIPS-r007.mzXML,yes
PXD004720,bread wheat,root-tip,ROOT_TIPS-r008.mzXML,yes
PXD004720,bread wheat,root-tip,ROOT_TIPS-r009.mzXML,yes
PXD004720,bread wheat,root-tip,ROOT_TIPS-r010.mzXML,yes
PXD004720,bread wheat,root-tip,ROOT_TIPS-r011.mzXML,yes
PXD004720,bread wheat,root-tip,ROOT_TIPS-r012.mzXML,yes
PXD004720,bread wheat,root-vasculature,VASC-r001.mzXML,yes
PXD004720,bread wheat,root-vasculature,VASC-r002.mzXML,yes
PXD004720,bread wheat,root-vasculature,VASC-r003.mzXML,yes
PXD004720,bread wheat,root-vasculature,VASC-r004.mzXML,yes
PXD004720,bread wheat,root-vasculature,VASC-r005.mzXML,yes
PXD004720,bread wheat,root-vasculature,VASC-r006.mzXML,yes
PXD004720,bread wheat,root-vasculature,VASC-r007.mzXML,yes
PXD004720,bread wheat,root-vasculature,VASC-r008.mzXML,yes
PXD004720,bread wheat,root-vasculature,VASC-r009.mzXML,yes
PXD004720,bread wheat,root-vasculature,VASC-r010.mzXML,yes
PXD004720,bread wheat,root-vasculature,VASC-r011.mzXML,yes
PXD004720,bread wheat,root-vasculature,VASC-r012.mzXML,yes
PXD004720,bread wheat,spike-immature,IMMATURES-r001.mzXML,yes
PXD004720,bread wheat,spike-immature,IMMATURES-r002.mzXML,yes
PXD004720,bread wheat,spike-immature,IMMATURES-r003.mzXML,yes
PXD004720,bread wheat,spike-immature,IMMATURES-r004.mzXML,yes
PXD004720,bread wheat,spike-immature,IMMATURES-r005.mzXML,yes
PXD004720,bread wheat,spike-immature,IMMATURES-r006.mzXML,yes
PXD004720,bread wheat,spike-immature,IMMATURES-r007.mzXML,yes
PXD004720,bread wheat,spike-immature,IMMATURES-r008.mzXML,yes
PXD004720,bread wheat,spike-immature,IMMATURES-r009.mzXML,yes
PXD004720,bread wheat,spike-immature,IMMATURES-r010.mzXML,yes
PXD004720,bread wheat,spike-immature,IMMATURES-r011.mzXML,yes
PXD004720,bread wheat,spike-immature,IMMATURES-r012.mzXML,yes
PXD004720,bread wheat,stem,STEM01.mzXML,yes
PXD004720,bread wheat,stem,STEM02.mzXML,yes
PXD004720,bread wheat,stem,STEM03.mzXML,yes
PXD004720,bread wheat,stem,STEM04.mzXML,yes
PXD004720,bread wheat,stem,STEM05.mzXML,yes
PXD004720,bread wheat,stem,STEM06.mzXML,yes
PXD004720,bread wheat,stem,STEM07.mzXML,yes
PXD004720,bread wheat,stem,STEM08.mzXML,yes
PXD004720,bread wheat,stem,STEM09.mzXML,yes
PXD004720,bread wheat,stem,STEM10.mzXML,yes
PXD004720,bread wheat,stem,STEM11.mzXML,yes
PXD004720,bread wheat,stem,STEM12.mzXML,yes
,,,,
"NOTE: stored_grains files were concatenated into a single file and converted to mzLM format as ""all_wheat_stored_grains_MS2_thermo_RAW_2023-02-27.mzML""",,,,
