Source,Species,Tissue,Batch,Projection_file,step4_fragpipe_miscleavages_Peptides_with_more_than_2_missed_cleavages,step4_fragpipe_miscleavages_Percent_with_more_than_2_missed_cleavages,step4_fragpipe_miscleavages_Peptides_longer_than_50_AA,step4_fragpipe_miscleavages_Percent_longer_than_50_AA,step4_fragpipe_miscleavages_Peptides_satisfying_both_criteria,step4_fragpipe_miscleavages_Percent_satisfying_both_criteria,step4_fragpipe_miscleavages_Maximum_missed_cleavages,step4_fragpipe_miscleavages_Maximum_peptide_length_AA,step6_fragpipe_annotation_Contaminant_count_peptide,step6_fragpipe_annotation_Contaminant_count_protein,step6_fragpipe_annotation_Non_contaminant_count_peptide,step6_fragpipe_annotation_Non_contaminant_count_protein,step6_fragpipe_annotation_Total_rows_peptide,step6_fragpipe_annotation_Total_rows_protein,step7_peptide_protein_evidence_Non_contaminant_peptide_protein_pairs,step7_peptide_protein_evidence_Unique_peptides,step7_peptide_protein_evidence_Unique_proteins,step7_peptide_protein_evidence_Peptides_mapping_to_multiple_proteins,step7_peptide_protein_evidence_Proteins_supported_by_one_peptide,step7_peptide_protein_evidence_Proteins_supported_by_two_or_more_peptides,step8_peptide_gene_mapping_Peptide_protein_pairs,step8_peptide_gene_mapping_Mapped_peptide_protein_pairs,step8_peptide_gene_mapping_Unmapped_peptide_protein_pairs,step8_peptide_gene_mapping_Mapping_rate_percent,step8_peptide_gene_mapping_Unique_gene_models,step8_peptide_gene_mapping_Unique_transcripts,step9_initial_projection_Peptide_protein_gene_rows,step9_initial_projection_Projected_rows,step9_initial_projection_Unprojected_rows,step9_initial_projection_Projection_rate_percent,step9_initial_projection_Unique_projected_peptides,step9_initial_projection_Unique_projected_proteins,step9_initial_projection_Unique_projected_gene_models,step9_initial_projection_Peptides_crossing_CDS_blocks,step10_translation_validation_Projection_file,step10_translation_validation_Projected_rows_available,step10_translation_validation_Sample_fraction,step10_translation_validation_Rows_validated,step10_translation_validation_Exact_translation_matches,step10_translation_validation_Exact_translation_match_rate_percent,step10_translation_validation_IL_normalised_translation_matches,step10_translation_validation_IL_normalised_translation_match_rate_percent,step10_translation_validation_Multi_block_peptide_projections_tested,step10_translation_validation_Negative_strand_peptide_projections_tested,step10_translation_validation_Validation_status_validated,step10_translation_validation_Validation_status_translation_mismatch,step10_translation_validation_Validation_status_contains_N,step11_sanity_checks_Projection_file,step11_sanity_checks_Rows_from_step10_validation_table,step11_sanity_checks_Rows_translation_validated,step11_sanity_checks_Rows_excluded_by_translation_validation,step11_sanity_checks_Percent_translation_validated,step11_sanity_checks_Translation_validated_rows_checked,step11_sanity_checks_Rows_passing_all_sanity_checks,step11_sanity_checks_Rows_failing_any_sanity_check,step11_sanity_checks_Percent_passing_all_sanity_checks,step11_sanity_checks_BED_geometry_failures,step11_sanity_checks_Block_nt_length_failures,step11_sanity_checks_Chromosome_strand_failures,step11_sanity_checks_Protein_coordinate_failures,step12_validated_bed_export_Projection_file,step12_validated_bed_export_BED6_file,step12_validated_bed_export_BED12_file,step12_validated_bed_export_Rows_in_step11_sanity_file,step12_validated_bed_export_Rows_passing_all_sanity_checks,step12_validated_bed_export_Rows_excluded_by_sanity_checks,step12_validated_bed_export_Rows_dropped_missing_BED_fields,step12_validated_bed_export_BED_rows,step12_validated_bed_export_Unique_BED_peptides,step12_validated_bed_export_Unique_BED_proteins,step12_validated_bed_export_Unique_BED_gene_models,step12_validated_bed_export_Multi_block_peptides,step12_validated_bed_export_Within_exon_peptides,step12_validated_bed_export_Intron_spanning_BED_rows,step12_validated_bed_export_Within_exon_BED_rows,step12_validated_bed_export_Unique_intron_spanning_peptides,step12_validated_bed_export_Unique_within_exon_peptides,step12_validated_bed_export_BED_labels_with_introns,step12_validated_bed_export_Percent_sanity_passed,step12_validated_bed_export_Percent_exported_to_BED,step15_validated_tissue_summary_Validated_peptide_rows,step15_validated_tissue_summary_Unique_peptides,step15_validated_tissue_summary_Unique_proteins_isoforms,step15_validated_tissue_summary_Unique_gene_models,step15_validated_tissue_summary_Unique_HC_gene_models,step15_validated_tissue_summary_Unique_LC_gene_models,step15_validated_tissue_summary_Percent_total_gene_models_detected,step15_validated_tissue_summary_Percent_HC_gene_models_detected,step15_validated_tissue_summary_Percent_LC_gene_models_detected,step15_validated_tissue_summary_Unique_chromosomes,step15_validated_tissue_summary_Multi_exon_peptide_rows,step15_validated_tissue_summary_Within_exon_peptide_rows,step15_validated_tissue_summary_Proteins_supported_by_one_peptide,step15_validated_tissue_summary_Proteins_supported_by_two_or_more_peptides,step15_validated_tissue_summary_Genes_supported_by_one_peptide,step15_validated_tissue_summary_Genes_supported_by_two_or_more_peptides,step16_validated_HC_LC_coverage_Source_Tissue,step16_validated_HC_LC_coverage_HC_unique_proteins,step16_validated_HC_LC_coverage_LC_unique_proteins,step16_validated_HC_LC_coverage_Total_unique_proteins,step16_validated_HC_LC_coverage_HC_unique_gene_models,step16_validated_HC_LC_coverage_LC_unique_gene_models,step16_validated_HC_LC_coverage_Total_unique_gene_models,step16_validated_HC_LC_coverage_HC_unique_peptides,step16_validated_HC_LC_coverage_LC_unique_peptides,step16_validated_HC_LC_coverage_Total_unique_peptides,step16_validated_HC_LC_coverage_Validated_BED_rows,step16_validated_HC_LC_coverage_Multi_exon_peptide_rows,step16_validated_HC_LC_coverage_Within_exon_peptide_rows,step16_validated_HC_LC_coverage_HC_protein_percent,step16_validated_HC_LC_coverage_LC_protein_percent,step16_validated_HC_LC_coverage_Total_protein_percent,step16_validated_HC_LC_coverage_HC_gene_model_percent,step16_validated_HC_LC_coverage_LC_gene_model_percent,step16_validated_HC_LC_coverage_Total_gene_model_percent,step17_validated_tissue_overlap_Source_Tissue,step17_validated_tissue_overlap_Validated_BED_rows,step17_validated_tissue_overlap_Unique_validated_proteins,step17_validated_tissue_overlap_Unique_validated_peptides,step17_validated_tissue_overlap_Unique_validated_gene_models,derived_step10_translation_validated_percent,derived_final_validated_BED_rows_percent_of_initial_projected_rows
MSV000090572,bread wheat,stored_grain,single,FragPipe_Vincent_MSV000090572_stored-grain_peptide_genome_projection.csv,1801,19.276463662635127,62,0.6635984159263619,47,0.5030504120732099,10,65,14,6,9329,7068,9343.0,7074.0,30317,9329,17481,4290,14135,3346,30317,30314,3,99.99,,17478,30314,30314,0,100,9329,17478,,3291,FragPipe_Vincent_MSV000090572_stored-grain_peptide_genome_projection.csv,30314,1,30314,29445,97.13,29892,98.61,3291,15506,29892,422,,FragPipe_Vincent_MSV000090572_stored-grain_peptide_genome_projection.csv,30314,29892,422,98.6079,29892,29892,0,100.0,0,0,0,0,FragPipe_Vincent_MSV000090572_stored-grain_peptide_genome_projection.csv,FragPipe_Vincent_MSV000090572_stored-grain_validated_peptides.bed6,FragPipe_Vincent_MSV000090572_stored-grain_validated_peptides.bed12,29892,29892,0,0,29892,9126,17110,14536,3262,26630,3262,26630,1082,8075,1805,100.0,100.0,29892,9126,17110,14536,9126,5410,5.4493,8.5358,3.3847,22,3262,26630,13795,3315,11749,2787,MSV000090572_stored_grain,11604,5506,17110,9126,5410,14536,6375,3379,9126,29892,3262,26630,3.9214095987347672,1.860675736869496,5.782085335604263,8.535832538301813,3.3846769854477663,5.449256238003839,MSV000090572_stored_grain,29892,17110,9126,14536,98.6079,98.6079
PXD050500,bread wheat,coleoptile,single,FragPipe_Liu_PXD050500_coleoptile_peptide_genome_projection.csv,14721,2.5242462070289995,165,0.0282929572827786,64,0.0109742379763505,10,74,409,79,582775,137762,583184.0,137841.0,1850247,582775,239514,338464,59431,180083,1850247,1850136,111,99.99,,239461,1850136,1850136,0,100,582775,239461,,228372,FragPipe_Liu_PXD050500_coleoptile_peptide_genome_projection.csv,1850136,1,1850136,1804003,97.51,1829196,98.87,228372,936764,1829196,20936,4.0,FragPipe_Liu_PXD050500_coleoptile_peptide_genome_projection.csv,1850136,1829196,20940,98.8682,1829196,1829196,0,100.0,0,0,0,0,FragPipe_Liu_PXD050500_coleoptile_peptide_genome_projection.csv,FragPipe_Liu_PXD050500_coleoptile_validated_peptides.bed6,FragPipe_Liu_PXD050500_coleoptile_validated_peptides.bed12,1829196,1829196,0,0,1829196,574831,233744,206142,227461,1601735,227461,1601735,65152,511674,121858,100.0,100.0,1829196,574831,233744,206142,97341,108801,77.2785,91.0461,68.0695,22,227461,1601735,58234,175510,56145,149997,PXD050500_coleoptile,122443,111301,233744,97341,108801,206142,445454,161679,574831,1829196,227461,1601735,41.37790033590841,37.61261717931561,78.99051751522401,91.04607441495033,68.06954541473242,77.27852087332053,PXD050500_coleoptile,1829196,233744,574831,206142,98.8682,98.8682
PXD050500,bread wheat,node,single,FragPipe_Liu_PXD050500_node_peptide_genome_projection.csv,15804,2.6497350097327965,301,0.0504663526910637,137,0.0229697352779924,10,73,483,94,595954,141678,596437.0,141772.0,1887009,595954,242842,340536,57486,185356,1887009,1886922,87,100.0,,242813,1886922,1886922,0,100,595954,242813,,235642,FragPipe_Liu_PXD050500_node_peptide_genome_projection.csv,1886922,1,1886922,1836693,97.34,1864415,98.81,235642,955978,1864415,22501,6.0,FragPipe_Liu_PXD050500_node_peptide_genome_projection.csv,1886922,1864415,22507,98.8072,1864415,1864415,0,100.0,0,0,0,0,FragPipe_Liu_PXD050500_node_peptide_genome_projection.csv,FragPipe_Liu_PXD050500_node_validated_peptides.bed6,FragPipe_Liu_PXD050500_node_validated_peptides.bed12,1864415,1864415,0,0,1864415,587392,237191,209468,234600,1629815,234600,1629815,66853,522581,126430,100.0,100.0,1864415,587392,237191,209468,98102,111366,78.5254,91.7579,69.6743,22,234600,1629815,56556,180635,54455,155013,PXD050500_node,123242,113949,237191,98102,111366,209468,449316,171395,587392,1864415,234600,1629815,41.64791121744831,38.507471765445366,80.15538298289367,91.75786145874254,69.67429522391421,78.52537188099808,PXD050500_node,1864415,237191,587392,209468,98.8072,98.8072
PXD050500,bread wheat,radicle,single,FragPipe_Liu_PXD050500_radicle_peptide_genome_projection.csv,5371,1.610977804439112,142,0.0425914817036592,59,0.0176964607078584,10,75,342,67,333058,105903,333400.0,105970.0,1062587,333058,206049,190016,68213,137836,1062587,1062508,79,99.99,,206016,1062508,1062508,0,100,333058,206016,,118195,FragPipe_Liu_PXD050500_radicle_peptide_genome_projection.csv,1062508,1,1062508,1035795,97.49,1050178,98.84,118195,538848,1050178,12327,3.0,FragPipe_Liu_PXD050500_radicle_peptide_genome_projection.csv,1062508,1050178,12330,98.8395,1050178,1050178,0,100.0,0,0,0,0,FragPipe_Liu_PXD050500_radicle_peptide_genome_projection.csv,FragPipe_Liu_PXD050500_radicle_validated_peptides.bed6,FragPipe_Liu_PXD050500_radicle_validated_peptides.bed12,1050178,1050178,0,0,1050178,328566,201263,175179,117686,932492,117686,932492,34041,295733,62041,100.0,100.0,1050178,328566,201263,175179,89823,85356,65.6711,84.0143,53.4016,22,117686,932492,66435,134828,63043,112136,PXD050500_radicle,113924,87339,201263,89823,85356,175179,251809,95743,328566,1050178,117686,932492,38.49902336489656,29.51499422129402,68.01401758619058,84.01425444749987,53.40156908870232,65.67111024472169,PXD050500_radicle,1050178,201263,328566,175179,98.8395,98.8395
PXD004720,bread wheat,anther,single,FragPipe_Duncan_PXD004720_anther_peptide_genome_projection.csv,2368,6.9233692950910735,65,0.1900418091980235,50,0.1461860070754027,10,67,105,10,34098,10085,34203.0,10095.0,164397,34098,36839,27707,19944,16895,164397,164365,32,99.98,,36826,164365,164365,0,100,34098,36826,,27776,FragPipe_Duncan_PXD004720_anther_peptide_genome_projection.csv,164365,1,164365,160596,97.71,163467,99.45,27776,84387,163467,898,,FragPipe_Duncan_PXD004720_anther_peptide_genome_projection.csv,164365,163467,898,99.4537,163467,163467,0,100.0,0,0,0,0,FragPipe_Duncan_PXD004720_anther_peptide_genome_projection.csv,FragPipe_Duncan_PXD004720_anther_validated_peptides.bed6,FragPipe_Duncan_PXD004720_anther_validated_peptides.bed12,163467,163467,0,0,163467,33982,36275,28845,27708,135759,27708,135759,6317,27896,16117,100.0,100.0,163467,33982,36275,28845,21409,7436,10.8134,20.0245,4.6522,22,27708,135759,19459,16816,16079,12766,PXD004720_anther,28669,7606,36275,21409,7436,28845,31552,5889,33982,163467,27708,135759,9.688287813351176,2.570341382969376,12.258629196320554,20.02450567746039,4.65221036299253,10.813414707293663,PXD004720_anther,163467,36275,33982,28845,99.4537,99.4537
PXD004720,bread wheat,boot,single,FragPipe_Duncan_PXD004720_boot_peptide_genome_projection.csv,326,8.946212952799122,19,0.5214050493962679,11,0.3018660812294182,9,78,1,1,3643,2827,3644.0,2828.0,13230,3643,9211,2302,7288,1923,13230,13227,3,99.98,,9208,13227,13227,0,100,3643,9208,,2728,FragPipe_Duncan_PXD004720_boot_peptide_genome_projection.csv,13227,1,13227,13092,98.98,13137,99.32,2728,6687,13137,90,,FragPipe_Duncan_PXD004720_boot_peptide_genome_projection.csv,13227,13137,90,99.3196,13137,13137,0,100.0,0,0,0,0,FragPipe_Duncan_PXD004720_boot_peptide_genome_projection.csv,FragPipe_Duncan_PXD004720_boot_validated_peptides.bed6,FragPipe_Duncan_PXD004720_boot_validated_peptides.bed12,13137,13137,0,0,13137,3599,9126,7279,2723,10414,2723,10414,712,2899,1535,100.0,100.0,13137,3599,9126,7279,5415,1864,2.7288,5.0648,1.1662,22,2723,10414,7208,1918,5820,1459,PXD004720_boot,7219,1907,9126,5415,1864,7279,2877,1009,3599,13137,2723,10414,2.4395601424738267,0.6444439938630818,3.0840041363369086,5.064818452213929,1.1661807580174928,2.728751799424184,PXD004720_boot,13137,9126,3599,7279,99.3196,99.3196
PXD004720,bread wheat,coleoptile,single,FragPipe_Duncan_PXD004720_coleoptile_peptide_genome_projection.csv,885,2.151923357486748,30,0.0729465544910762,18,0.0437679326946457,9,65,101,11,41025,12205,41126.0,12216.0,204518,41025,46513,34608,23582,22931,204518,204476,42,99.98,,46496,204476,204476,0,100,41025,46496,,31344,FragPipe_Duncan_PXD004720_coleoptile_peptide_genome_projection.csv,204476,1,204476,199521,97.58,203264,99.41,31344,106563,203264,1212,,FragPipe_Duncan_PXD004720_coleoptile_peptide_genome_projection.csv,204476,203264,1212,99.4073,203264,203264,0,100.0,0,0,0,0,FragPipe_Duncan_PXD004720_coleoptile_peptide_genome_projection.csv,FragPipe_Duncan_PXD004720_coleoptile_validated_peptides.bed6,FragPipe_Duncan_PXD004720_coleoptile_validated_peptides.bed12,203264,203264,0,0,203264,40861,45819,36208,31278,171986,31278,171986,6794,34380,18631,100.0,100.0,203264,40861,45819,36208,26797,9411,13.5737,25.0641,5.8878,22,31278,171986,23052,22767,19309,16899,PXD004720_coleoptile,36197,9622,45819,26797,9411,36208,38002,7071,40861,203264,31278,171986,12.232270186608272,3.2516204032252616,15.483890589833532,25.064070187253307,5.887836434389819,13.57365642994242,PXD004720_coleoptile,203264,45819,40861,36208,99.4073,99.4073
PXD004720,bread wheat,embryo,single,FragPipe_Duncan_PXD004720_embryo_peptide_genome_projection.csv,202,7.04323570432357,9,0.3138075313807531,5,0.1743375174337517,8,62,1,1,2867,2402,2868.0,2403.0,8852,2867,7220,1581,6285,935,8852,8852,0,100.0,,7220,8852,8852,0,100,2867,7220,,1411,FragPipe_Duncan_PXD004720_embryo_peptide_genome_projection.csv,8852,1,8852,8373,94.59,8742,98.76,1411,4500,8742,110,,FragPipe_Duncan_PXD004720_embryo_peptide_genome_projection.csv,8852,8742,110,98.7573,8742,8742,0,100.0,0,0,0,0,FragPipe_Duncan_PXD004720_embryo_peptide_genome_projection.csv,FragPipe_Duncan_PXD004720_embryo_validated_peptides.bed6,FragPipe_Duncan_PXD004720_embryo_validated_peptides.bed12,8742,8742,0,0,8742,2815,7110,5749,1407,7335,1407,7335,385,2444,758,100.0,100.0,8742,2815,7110,5749,4204,1545,2.1552,3.9321,0.9666,22,1407,7335,6175,935,5043,706,PXD004720_embryo,5534,1576,7110,4204,1545,5749,2160,866,2815,8742,1407,7335,1.870137945484161,0.5325871705968626,2.402725116081024,3.9321323680715343,0.9666036862323104,2.155185340690979,PXD004720_embryo,8742,7110,2815,5749,98.7573,98.7573
PXD004720,bread wheat,endosperm,single,FragPipe_Duncan_PXD004720_endosperm_peptide_genome_projection.csv,284,1.4077525527907206,27,0.1338356300188361,10,0.0495687518588282,10,87,93,11,20081,7416,20174.0,7427.0,102845,20081,27461,15925,15845,11616,102845,102830,15,99.99,,27454,102830,102830,0,100,20081,27454,,14269,FragPipe_Duncan_PXD004720_endosperm_peptide_genome_projection.csv,102830,1,102830,100022,97.27,102289,99.47,14269,54077,102289,541,,FragPipe_Duncan_PXD004720_endosperm_peptide_genome_projection.csv,102830,102289,541,99.4739,102289,102289,0,100.0,0,0,0,0,FragPipe_Duncan_PXD004720_endosperm_peptide_genome_projection.csv,FragPipe_Duncan_PXD004720_endosperm_validated_peptides.bed6,FragPipe_Duncan_PXD004720_endosperm_validated_peptides.bed12,102289,102289,0,0,102289,19953,27099,21529,14237,88052,14237,88052,3068,17038,7947,100.0,100.0,102289,19953,27099,21529,16036,5493,8.0708,14.999,3.4366,22,14237,88052,15563,11536,12857,8672,PXD004720_endosperm,21497,5602,27099,16036,5493,21529,18132,3999,19953,102289,14237,88052,7.264610663909108,1.8931175949769188,9.157728258886028,14.998971135679144,3.436604562119146,8.070792346449137,PXD004720_endosperm,102289,27099,19953,21529,99.4739,99.4739
PXD004720,bread wheat,glume,single,FragPipe_Duncan_PXD004720_glume_peptide_genome_projection.csv,1275,4.445141721577241,77,0.2684516961266255,50,0.1743192831991074,10,78,35,8,28648,9604,28683.0,9612.0,145154,28648,35551,23601,19974,15577,145154,145133,21,99.99,,35540,145133,145133,0,100,28648,35540,,22131,FragPipe_Duncan_PXD004720_glume_peptide_genome_projection.csv,145133,1,145133,141121,97.24,144079,99.27,22131,74234,144079,1054,,FragPipe_Duncan_PXD004720_glume_peptide_genome_projection.csv,145133,144079,1054,99.2738,144079,144079,0,100.0,0,0,0,0,FragPipe_Duncan_PXD004720_glume_peptide_genome_projection.csv,FragPipe_Duncan_PXD004720_glume_validated_peptides.bed6,FragPipe_Duncan_PXD004720_glume_validated_peptides.bed12,144079,144079,0,0,144079,28512,35014,28205,22077,122002,22077,122002,5086,23657,12720,100.0,100.0,144079,28512,35014,28205,20534,7671,10.5735,19.2061,4.7992,22,22077,122002,19568,15446,16269,11936,PXD004720_glume,27208,7806,35014,20534,7671,28205,26101,5676,28512,144079,22077,122002,9.19456328527883,2.6379285873598413,11.832491872638672,19.206090876779463,4.79923422465246,10.573491482725528,PXD004720_glume,144079,35014,28512,28205,99.2738,99.2738
PXD004720,bread wheat,grain_zadoks_70,single,FragPipe_Duncan_PXD004720_grain-zadoks-70_peptide_genome_projection.csv,290,1.1056464218994242,27,0.102939494452705,14,0.0533760341606618,9,70,33,9,26196,9812,26229.0,9821.0,126227,26196,35549,20748,20524,15025,126227,126195,32,99.97,,35532,126195,126195,0,100,26196,35532,,17478,FragPipe_Duncan_PXD004720_grain-zadoks-70_peptide_genome_projection.csv,126195,1,126195,122675,97.21,125355,99.33,17478,65814,125355,840,,FragPipe_Duncan_PXD004720_grain-zadoks-70_peptide_genome_projection.csv,126195,125355,840,99.3344,125355,125355,0,100.0,0,0,0,0,FragPipe_Duncan_PXD004720_grain-zadoks-70_peptide_genome_projection.csv,FragPipe_Duncan_PXD004720_grain-zadoks-70_validated_peptides.bed6,FragPipe_Duncan_PXD004720_grain-zadoks-70_validated_peptides.bed12,125355,125355,0,0,125355,26037,34929,28080,17442,107913,17442,107913,3874,22361,9870,100.0,100.0,125355,26037,34929,28080,20611,7469,10.5266,19.2781,4.6729,22,17442,107913,19990,14939,16743,11337,PXD004720_grain-zadoks-70,27314,7615,34929,20611,7469,28080,23662,5115,26037,125355,17442,107913,9.230384503605778,2.573382807166947,11.803767310772724,19.278111379239387,4.672856266970308,10.526631477927063,PXD004720_grain-zadoks-70,125355,34929,26037,28080,99.3344,99.3344
PXD004720,bread wheat,grain_zadoks_71,single,FragPipe_Duncan_PXD004720_grain-zadoks-71_peptide_genome_projection.csv,315,0.8752431230897472,3,0.0083356487913309,1,0.0027785495971103,8,57,30,10,35960,12326,35990.0,12336.0,179751,35960,47089,30079,24698,22391,179751,179725,26,99.99,,47076,179725,179725,0,100,35960,47076,,27658,FragPipe_Duncan_PXD004720_grain-zadoks-71_peptide_genome_projection.csv,179725,1,179725,174768,97.24,178814,99.49,27658,93540,178814,911,,FragPipe_Duncan_PXD004720_grain-zadoks-71_peptide_genome_projection.csv,179725,178814,911,99.4931,178814,178814,0,100.0,0,0,0,0,FragPipe_Duncan_PXD004720_grain-zadoks-71_peptide_genome_projection.csv,FragPipe_Duncan_PXD004720_grain-zadoks-71_validated_peptides.bed6,FragPipe_Duncan_PXD004720_grain-zadoks-71_validated_peptides.bed12,178814,178814,0,0,178814,35806,46422,36269,27602,151212,27602,151212,5776,30293,15938,100.0,100.0,178814,35806,46422,36269,26965,9304,13.5965,25.2212,5.8209,22,27602,151212,24143,22279,20226,16043,PXD004720_grain-zadoks-71,36924,9498,46422,26965,9304,36269,33028,6291,35806,178814,27602,151212,12.477949674567611,3.209716336503173,15.687666011070784,25.221205828984044,5.820893654825511,13.596524112284069,PXD004720_grain-zadoks-71,178814,46422,35806,36269,99.4931,99.4931
PXD004720,bread wheat,grain_zadoks_75,single,FragPipe_Duncan_PXD004720_grain-zadoks-75_peptide_genome_projection.csv,160,0.5807200929152149,1,0.00362950058072,0,0.0,9,51,89,11,27463,11089,27552.0,11100.0,132719,27463,41042,21885,23263,17779,132719,132701,18,99.99,,41029,132701,132701,0,100,27463,41029,,18650,FragPipe_Duncan_PXD004720_grain-zadoks-75_peptide_genome_projection.csv,132701,1,132701,128823,97.08,132081,99.53,18650,68539,132081,620,,FragPipe_Duncan_PXD004720_grain-zadoks-75_peptide_genome_projection.csv,132701,132081,620,99.5328,132081,132081,0,100.0,0,0,0,0,FragPipe_Duncan_PXD004720_grain-zadoks-75_peptide_genome_projection.csv,FragPipe_Duncan_PXD004720_grain-zadoks-75_validated_peptides.bed6,FragPipe_Duncan_PXD004720_grain-zadoks-75_validated_peptides.bed12,132081,132081,0,0,132081,27293,40582,32167,18607,113474,18607,113474,3895,23609,10479,100.0,100.0,132081,27293,40582,32167,24243,7924,12.0588,22.6752,4.9575,22,18607,113474,22866,17716,19091,13076,PXD004720_grain-zadoks-75,32477,8105,40582,24243,7924,32167,24606,5585,27293,132081,18607,113474,10.975148184945628,2.738971457923586,13.714119642869212,22.675234300465792,4.957519488482088,12.058766194817656,PXD004720_grain-zadoks-75,132081,40582,27293,32167,99.5328,99.5328
PXD004720,bread wheat,grain_zadoks_83,single,FragPipe_Duncan_PXD004720_grain-zadoks-83_peptide_genome_projection.csv,184,0.7650409546380608,8,0.0332626502016548,5,0.0207891563760342,9,73,61,9,23990,10185,24051.0,10194.0,113236,23990,36654,18722,21688,14966,113236,113203,33,99.97,,36635,113203,113203,0,100,23990,36635,,14734,FragPipe_Duncan_PXD004720_grain-zadoks-83_peptide_genome_projection.csv,113203,1,113203,109474,96.71,112389,99.28,14734,58500,112389,814,,FragPipe_Duncan_PXD004720_grain-zadoks-83_peptide_genome_projection.csv,113203,112389,814,99.2809,112389,112389,0,100.0,0,0,0,0,FragPipe_Duncan_PXD004720_grain-zadoks-83_peptide_genome_projection.csv,FragPipe_Duncan_PXD004720_grain-zadoks-83_validated_peptides.bed6,FragPipe_Duncan_PXD004720_grain-zadoks-83_validated_peptides.bed12,112389,112389,0,0,112389,23840,36046,28854,14700,97689,14700,97689,3349,20680,8431,100.0,100.0,112389,23840,36046,28854,21170,7684,10.8168,19.801,4.8074,22,14700,97689,21173,14873,17735,11119,PXD004720_grain-zadoks-83,28200,7846,36046,21170,7684,28854,21217,5116,23840,112389,14700,97689,9.529795819055536,2.6514460282379337,12.181241847293473,19.8009615204744,4.807367459552797,10.816788627639156,PXD004720_grain-zadoks-83,112389,36046,23840,28854,99.2809,99.2809
PXD004720,bread wheat,grain_zadoks_87,single,FragPipe_Duncan_PXD004720_grain-zadoks-87_peptide_genome_projection.csv,275,1.114533517062495,13,0.0526870389884088,3,0.0121585474588635,10,66,38,9,24636,10380,24674.0,10389.0,111819,24636,34889,18599,21245,13644,111819,111792,27,99.98,,34874,111792,111792,0,100,24636,34874,,14886,FragPipe_Duncan_PXD004720_grain-zadoks-87_peptide_genome_projection.csv,111792,1,111792,109036,97.53,111156,99.43,14886,58071,111156,636,,FragPipe_Duncan_PXD004720_grain-zadoks-87_peptide_genome_projection.csv,111792,111156,636,99.4311,111156,111156,0,100.0,0,0,0,0,FragPipe_Duncan_PXD004720_grain-zadoks-87_peptide_genome_projection.csv,FragPipe_Duncan_PXD004720_grain-zadoks-87_validated_peptides.bed6,FragPipe_Duncan_PXD004720_grain-zadoks-87_validated_peptides.bed12,111156,111156,0,0,111156,24482,34405,27624,14850,96306,14850,96306,3396,21262,8382,100.0,100.0,111156,24482,34405,27624,20014,7610,10.3557,18.7197,4.7611,22,14850,96306,20841,13564,17352,10272,PXD004720_grain-zadoks-87,26638,7767,34405,20014,7610,27624,21651,5316,24482,111156,14850,96306,9.001939752766006,2.6247490825037003,11.626688835269707,18.719718652374805,4.761070583966266,10.355686180422264,PXD004720_grain-zadoks-87,111156,34405,24482,27624,99.4311,99.4311
PXD004720,bread wheat,leaf_flag_mature,single,FragPipe_Duncan_PXD004720_leaf-flag-mature_peptide_genome_projection.csv,218,0.7280985939013394,3,0.0100197054206606,2,0.0066798036137737,7,66,101,13,29840,9626,29941.0,9639.0,145650,29840,37963,24930,19764,18199,145650,145632,18,99.99,,37954,145632,145632,0,100,29840,37954,,19448,FragPipe_Duncan_PXD004720_leaf-flag-mature_peptide_genome_projection.csv,145632,1,145632,141376,97.08,144641,99.32,19448,75304,144641,991,,FragPipe_Duncan_PXD004720_leaf-flag-mature_peptide_genome_projection.csv,145632,144641,991,99.3195,144641,144641,0,100.0,0,0,0,0,FragPipe_Duncan_PXD004720_leaf-flag-mature_peptide_genome_projection.csv,FragPipe_Duncan_PXD004720_leaf-flag-mature_validated_peptides.bed6,FragPipe_Duncan_PXD004720_leaf-flag-mature_validated_peptides.bed12,144641,144641,0,0,144641,29731,37453,29882,19405,125236,19405,125236,4500,25458,11250,100.0,100.0,144641,29731,37453,29882,22443,7439,11.2022,20.9916,4.6541,22,19405,125236,19392,18061,16077,13805,PXD004720_leaf-flag-mature,29869,7584,37453,22443,7439,29882,27629,5355,29731,144641,19405,125236,10.093811039693964,2.562906790486425,12.656717830180389,20.99163813906505,4.654087263354146,11.202165307101728,PXD004720_leaf-flag-mature,144641,37453,29731,29882,99.3195,99.3195
PXD004720,bread wheat,leaf_flag_senescing,single,FragPipe_Duncan_PXD004720_leaf-flag-senescing_peptide_genome_projection.csv,239,2.0975952255573107,1,0.0087765490609092,1,0.0087765490609092,7,56,40,12,11354,8022,11394.0,8034.0,46206,11354,25701,7264,18840,6861,46206,46200,6,99.99,,25696,46200,46200,0,100,11354,25696,,4572,FragPipe_Duncan_PXD004720_leaf-flag-senescing_peptide_genome_projection.csv,46200,1,46200,44945,97.28,45680,98.87,4572,23623,45680,519,1.0,FragPipe_Duncan_PXD004720_leaf-flag-senescing_peptide_genome_projection.csv,46200,45680,520,98.8745,45680,45680,0,100.0,0,0,0,0,FragPipe_Duncan_PXD004720_leaf-flag-senescing_peptide_genome_projection.csv,FragPipe_Duncan_PXD004720_leaf-flag-senescing_validated_peptides.bed6,FragPipe_Duncan_PXD004720_leaf-flag-senescing_validated_peptides.bed12,45680,45680,0,0,45680,11204,25275,20842,4552,41128,4552,41128,1206,10079,2399,100.0,100.0,45680,11204,25275,20842,14335,6507,7.8132,13.408,4.071,22,4552,41128,18466,6809,15506,5336,PXD004720_leaf-flag-senescing,18636,6639,25275,14335,6507,20842,8792,3543,11204,45680,4552,41128,6.29777570510351,2.243557249741479,8.54133295484499,13.407972763155437,4.0709968843454,7.813249760076775,PXD004720_leaf-flag-senescing,45680,25275,11204,20842,98.8745,98.8745
PXD004720,bread wheat,leaf_flag_young,single,FragPipe_Duncan_PXD004720_leaf-flag-young_peptide_genome_projection.csv,195,0.8318757732178661,6,0.0255961776374728,6,0.0255961776374728,8,77,68,10,23373,7532,23441.0,7542.0,120833,23373,32629,19862,17539,15090,120833,120821,12,99.99,,32620,120821,120821,0,100,23373,32620,,15227,FragPipe_Duncan_PXD004720_leaf-flag-young_peptide_genome_projection.csv,120821,1,120821,116897,96.75,119922,99.26,15227,62355,119922,899,,FragPipe_Duncan_PXD004720_leaf-flag-young_peptide_genome_projection.csv,120821,119922,899,99.2559,119922,119922,0,100.0,0,0,0,0,FragPipe_Duncan_PXD004720_leaf-flag-young_peptide_genome_projection.csv,FragPipe_Duncan_PXD004720_leaf-flag-young_validated_peptides.bed6,FragPipe_Duncan_PXD004720_leaf-flag-young_validated_peptides.bed12,119922,119922,0,0,119922,23296,32180,25809,15181,104741,15181,104741,3482,20011,8950,100.0,100.0,119922,23296,32180,25809,18864,6945,9.6753,17.6441,4.345,22,15181,104741,17214,14966,14228,11581,PXD004720_leaf-flag-young,25092,7088,32180,18864,6945,25809,21772,4202,23296,119922,15181,104741,8.479490662827713,2.3952905235980726,10.874781186425786,17.64408777147988,4.345024337141356,9.675278910748562,PXD004720_leaf-flag-young,119922,32180,23296,25809,99.2559,99.2559
PXD004720,bread wheat,lemma,single,FragPipe_Duncan_PXD004720_lemma_peptide_genome_projection.csv,594,1.9904832115809927,26,0.0871255277796394,18,0.0603176730782119,10,71,54,8,29788,9948,29842.0,9956.0,147650,29788,37946,24643,20871,17075,147650,147618,32,99.98,,37927,147618,147618,0,100,29788,37927,,21753,FragPipe_Duncan_PXD004720_lemma_peptide_genome_projection.csv,147618,1,147618,143501,97.21,146562,99.28,21753,75548,146562,1056,,FragPipe_Duncan_PXD004720_lemma_peptide_genome_projection.csv,147618,146562,1056,99.2846,146562,146562,0,100.0,0,0,0,0,FragPipe_Duncan_PXD004720_lemma_peptide_genome_projection.csv,FragPipe_Duncan_PXD004720_lemma_validated_peptides.bed6,FragPipe_Duncan_PXD004720_lemma_validated_peptides.bed12,146562,146562,0,0,146562,29653,37386,29915,21700,124862,21700,124862,4945,24927,12402,100.0,100.0,146562,29653,37386,29915,21824,8091,11.2145,20.4127,5.062,22,21700,124862,20460,16926,16936,12979,PXD004720_lemma,29136,8250,37386,21824,8091,29915,27259,5705,29653,146562,21700,124862,9.846103935602912,2.7879721811066727,12.634076116709585,20.41266812578334,5.06200027527872,11.214536348368522,PXD004720_lemma,146562,37386,29653,29915,99.2846,99.2846
PXD004720,bread wheat,node,single,FragPipe_Duncan_PXD004720_node_peptide_genome_projection.csv,462,2.1480379393713966,4,0.0185977310768086,2,0.0092988655384043,8,63,51,9,21457,10521,21508.0,10530.0,99844,21457,36555,15947,23379,13176,99844,99823,21,99.98,,36542,99823,99823,0,100,21457,36542,,12765,FragPipe_Duncan_PXD004720_node_peptide_genome_projection.csv,99823,1,99823,96645,96.82,98731,98.91,12765,50954,98731,1092,,FragPipe_Duncan_PXD004720_node_peptide_genome_projection.csv,99823,98731,1092,98.9061,98731,98731,0,100.0,0,0,0,0,FragPipe_Duncan_PXD004720_node_peptide_genome_projection.csv,FragPipe_Duncan_PXD004720_node_validated_peptides.bed6,FragPipe_Duncan_PXD004720_node_validated_peptides.bed12,98731,98731,0,0,98731,21280,35794,29228,12726,86005,12726,86005,3047,18416,7081,100.0,100.0,98731,21280,35794,29228,19853,9375,10.957,18.5691,5.8653,22,12726,86005,22750,13044,19083,10145,PXD004720_node,26236,9558,35794,19853,9375,29228,18271,5401,21280,98731,12726,86005,8.866089471941171,3.2299924978203123,12.096081969761483,18.569130329049518,5.8653136300504265,10.95699376199616,PXD004720_node,98731,35794,21280,29228,98.9061,98.9061
PXD004720,bread wheat,node_secretion,single,FragPipe_Duncan_PXD004720_node-secretion_peptide_genome_projection.csv,242,0.7077265017254489,4,0.0116979587062057,2,0.0058489793531028,9,79,70,12,34124,10560,34194.0,10572.0,169705,34124,42371,28864,21386,20985,169705,169675,30,99.98,,42356,169675,169675,0,100,34124,42356,,22888,FragPipe_Duncan_PXD004720_node-secretion_peptide_genome_projection.csv,169675,1,169675,164863,97.16,168564,99.35,22888,87616,168564,1111,,FragPipe_Duncan_PXD004720_node-secretion_peptide_genome_projection.csv,169675,168564,1111,99.3452,168564,168564,0,100.0,0,0,0,0,FragPipe_Duncan_PXD004720_node-secretion_peptide_genome_projection.csv,FragPipe_Duncan_PXD004720_node-secretion_validated_peptides.bed6,FragPipe_Duncan_PXD004720_node-secretion_validated_peptides.bed12,168564,168564,0,0,168564,34026,41769,33166,22830,145734,22830,145734,5106,29193,13247,100.0,100.0,168564,34026,41769,33166,24936,8230,12.4333,23.3234,5.149,22,22830,145734,20940,20829,17524,15642,PXD004720_node_secretion,33365,8404,41769,24936,8230,33166,31835,5861,34026,168564,22830,145734,11.275235372439289,2.8400143284873307,14.115249700926622,23.323418822605085,5.148963325366935,12.433271353166989,PXD004720_node_secretion,168564,41769,34026,33166,99.3452,99.3452
PXD004720,bread wheat,palea,single,FragPipe_Duncan_PXD004720_palea_peptide_genome_projection.csv,2186,10.039496647377604,72,0.3306696059520529,51,0.2342243042160375,10,77,67,8,21707,6934,21774.0,6942.0,116960,21707,27591,18324,14027,13564,116960,116936,24,99.98,,27580,116936,116936,0,100,21707,27580,,20681,FragPipe_Duncan_PXD004720_palea_peptide_genome_projection.csv,116936,1,116936,114442,97.87,116285,99.44,20681,59679,116285,651,,FragPipe_Duncan_PXD004720_palea_peptide_genome_projection.csv,116936,116285,651,99.4433,116285,116285,0,100.0,0,0,0,0,FragPipe_Duncan_PXD004720_palea_peptide_genome_projection.csv,FragPipe_Duncan_PXD004720_palea_validated_peptides.bed6,FragPipe_Duncan_PXD004720_palea_validated_peptides.bed12,116285,116285,0,0,116285,21623,27295,21503,20637,95648,20637,95648,4574,17224,12073,100.0,100.0,116285,21623,27295,21503,16391,5112,8.061,15.331,3.1982,22,20637,95648,13831,13464,11226,10277,PXD004720_palea,22101,5194,27295,16391,5112,21503,20177,3924,21623,116285,20637,95648,7.468724021168311,1.7552396980203708,9.223963719188683,15.331013711955404,3.1982382161938965,8.061045465451055,PXD004720_palea,116285,27295,21623,21503,99.4433,99.4433
PXD004720,bread wheat,pericarp,single,FragPipe_Duncan_PXD004720_pericarp_peptide_genome_projection.csv,1081,3.799915635545557,70,0.2460629921259842,35,0.1230314960629921,10,74,116,13,28332,9453,28448.0,9466.0,131245,28332,32676,21946,18600,14076,131245,131215,30,99.98,,32667,131215,131215,0,100,28332,32667,,20964,FragPipe_Duncan_PXD004720_pericarp_peptide_genome_projection.csv,131215,1,131215,128214,97.71,130645,99.57,20964,67856,130645,570,,FragPipe_Duncan_PXD004720_pericarp_peptide_genome_projection.csv,131215,130645,570,99.5656,130645,130645,0,100.0,0,0,0,0,FragPipe_Duncan_PXD004720_pericarp_peptide_genome_projection.csv,FragPipe_Duncan_PXD004720_pericarp_validated_peptides.bed6,FragPipe_Duncan_PXD004720_pericarp_validated_peptides.bed12,130645,130645,0,0,130645,28184,32281,25580,20924,109721,20924,109721,4780,23621,11925,100.0,100.0,130645,28184,32281,25580,18912,6668,9.5894,17.689,4.1717,22,20924,109721,18276,14005,15075,10505,PXD004720_pericarp,25476,6805,32281,18912,6668,25580,25757,5145,28184,130645,20924,109721,8.609258095257406,2.299654629385565,10.90891272464297,17.688983669117235,4.171723870418799,9.589431381957771,PXD004720_pericarp,130645,32281,28184,25580,99.5656,99.5656
PXD004720,bread wheat,pollen,single,FragPipe_Duncan_PXD004720_pollen_peptide_genome_projection.csv,259,1.9053924814242624,27,0.1986316486426837,9,0.0662105495475612,10,78,91,9,13502,4667,13593.0,4676.0,74722,13502,19942,11116,10811,9131,74722,74698,24,99.97,,19931,74698,74698,0,100,13502,19931,,9490,FragPipe_Duncan_PXD004720_pollen_peptide_genome_projection.csv,74698,1,74698,72790,97.45,74334,99.51,9490,38482,74334,364,,FragPipe_Duncan_PXD004720_pollen_peptide_genome_projection.csv,74698,74334,364,99.5127,74334,74334,0,100.0,0,0,0,0,FragPipe_Duncan_PXD004720_pollen_peptide_genome_projection.csv,FragPipe_Duncan_PXD004720_pollen_validated_peptides.bed6,FragPipe_Duncan_PXD004720_pollen_validated_peptides.bed12,74334,74334,0,0,74334,13446,19731,15866,9467,64867,9467,64867,2046,11506,5323,100.0,100.0,74334,13446,19731,15866,12172,3694,5.9478,11.3849,2.3111,22,9467,64867,10660,9071,8746,7120,PXD004720_pollen,15974,3757,19731,12172,3694,15866,12487,2712,13446,74334,9467,64867,5.398190014666423,1.2696256344748813,6.667815649141305,11.384851375872197,2.311089978603336,5.947846689059501,PXD004720_pollen,74334,19731,13446,15866,99.5127,99.5127
PXD004720,bread wheat,rachilla,single,FragPipe_Duncan_PXD004720_rachilla_peptide_genome_projection.csv,1659,5.315093070195111,53,0.1698010444366129,34,0.1089289719027328,10,81,68,7,31145,9710,31213.0,9717.0,160234,31145,37219,26163,19600,17619,160234,160204,30,99.98,,37204,160204,160204,0,100,31145,37204,,24784,FragPipe_Duncan_PXD004720_rachilla_peptide_genome_projection.csv,160204,1,160204,156510,97.69,159219,99.39,24784,82412,159219,985,,FragPipe_Duncan_PXD004720_rachilla_peptide_genome_projection.csv,160204,159219,985,99.3852,159219,159219,0,100.0,0,0,0,0,FragPipe_Duncan_PXD004720_rachilla_peptide_genome_projection.csv,FragPipe_Duncan_PXD004720_rachilla_validated_peptides.bed6,FragPipe_Duncan_PXD004720_rachilla_validated_peptides.bed12,159219,159219,0,0,159219,31008,36663,29020,24725,134494,24725,134494,5547,25706,14419,100.0,100.0,159219,31008,36663,29020,21433,7587,10.879,20.047,4.7467,22,24725,134494,19174,17489,15896,13124,PXD004720_rachilla,28936,7727,36663,21433,7587,29020,28803,5522,31008,159219,24725,134494,9.778516731212449,2.6112316416256074,12.389748372838056,20.046953626279063,4.746681014527209,10.879018714011517,PXD004720_rachilla,159219,36663,31008,29020,99.3852,99.3852
PXD004720,bread wheat,radicle,single,FragPipe_Duncan_PXD004720_radicle_peptide_genome_projection.csv,1486,3.742695950030224,39,0.0982268789038887,18,0.0453354825710255,9,66,61,11,39643,11741,39704.0,11752.0,194730,39643,42976,32778,22396,20580,194730,194694,36,99.98,,42965,194694,194694,0,100,39643,42965,,32499,FragPipe_Duncan_PXD004720_radicle_peptide_genome_projection.csv,194694,1,194694,190375,97.78,193938,99.61,32499,101815,193938,756,,FragPipe_Duncan_PXD004720_radicle_peptide_genome_projection.csv,194694,193938,756,99.6117,193938,193938,0,100.0,0,0,0,0,FragPipe_Duncan_PXD004720_radicle_peptide_genome_projection.csv,FragPipe_Duncan_PXD004720_radicle_validated_peptides.bed6,FragPipe_Duncan_PXD004720_radicle_validated_peptides.bed12,193938,193938,0,0,193938,39487,42476,33385,32434,161504,32434,161504,7023,32738,19023,100.0,100.0,193938,39487,42476,33385,25692,7693,12.5154,24.0305,4.813,22,32434,161504,21978,20498,18319,15066,PXD004720_radicle,34621,7855,42476,25692,7693,33385,36832,6409,39487,193938,32434,161504,11.69968301601141,2.6544874524355047,14.354170468446911,24.0305292103934,4.812998160637646,12.515370081573897,PXD004720_radicle,193938,42476,39487,33385,99.6117,99.6117
PXD004720,bread wheat,root_mature,single,FragPipe_Duncan_PXD004720_root-mature_peptide_genome_projection.csv,1434,6.704067321178121,12,0.0561009817671809,8,0.0374006545114539,10,61,40,11,21350,12203,21390.0,12214.0,97211,21350,39165,14600,26303,12862,97211,97188,23,99.98,,39156,97188,97188,0,100,21350,39156,,10898,FragPipe_Duncan_PXD004720_root-mature_peptide_genome_projection.csv,97188,1,97188,94268,97.0,96387,99.18,10898,50172,96387,801,,FragPipe_Duncan_PXD004720_root-mature_peptide_genome_projection.csv,97188,96387,801,99.1758,96387,96387,0,100.0,0,0,0,0,FragPipe_Duncan_PXD004720_root-mature_peptide_genome_projection.csv,FragPipe_Duncan_PXD004720_root-mature_validated_peptides.bed6,FragPipe_Duncan_PXD004720_root-mature_validated_peptides.bed12,96387,96387,0,0,96387,21125,38544,30952,10853,85534,10853,85534,2561,18716,6101,100.0,100.0,96387,21125,38544,30952,22134,8818,11.6033,20.7026,5.5168,22,10853,85534,25747,12797,21312,9640,PXD004720_root-mature,29545,8999,38544,22134,8818,30952,17366,5851,21125,96387,10853,85534,9.984319768581411,3.0410862615489638,13.025406030130377,20.702620798024583,5.516835796243696,11.603286948176583,PXD004720_root-mature,96387,38544,21125,30952,99.1758,99.1758
PXD004720,bread wheat,root_secretion,single,FragPipe_Duncan_PXD004720_root-secretion_peptide_genome_projection.csv,1757,8.237610764686577,26,0.1218997608889305,20,0.0937690468376389,10,64,45,11,21284,10298,21329.0,10309.0,100654,21284,32049,15607,20041,12008,100654,100639,15,99.99,,32046,100639,100639,0,100,21284,32046,,15547,FragPipe_Duncan_PXD004720_root-secretion_peptide_genome_projection.csv,100639,1,100639,98740,98.11,100085,99.45,15547,52547,100085,554,,FragPipe_Duncan_PXD004720_root-secretion_peptide_genome_projection.csv,100639,100085,554,99.4495,100085,100085,0,100.0,0,0,0,0,FragPipe_Duncan_PXD004720_root-secretion_peptide_genome_projection.csv,FragPipe_Duncan_PXD004720_root-secretion_validated_peptides.bed6,FragPipe_Duncan_PXD004720_root-secretion_validated_peptides.bed12,100085,100085,0,0,100085,21111,31657,25126,15505,84580,15505,84580,3464,17786,8962,100.0,100.0,100085,21111,31657,25126,18683,6443,9.4192,17.4748,4.031,22,15505,84580,19699,11958,16136,8990,PXD004720_root-secretion,25091,6566,31657,18683,6443,25126,18188,4941,21111,100085,15505,84580,8.479152726805761,2.2188879201389597,10.69804064694472,17.474792824139026,4.030956343297589,9.419235844529751,PXD004720_root-secretion,100085,31657,21111,25126,99.4495,99.4495
PXD004720,bread wheat,root_tip,single,FragPipe_Duncan_PXD004720_root-tip_peptide_genome_projection.csv,1351,3.492670820299372,47,0.1215066828675577,29,0.0749722085778547,10,68,47,8,38634,10336,38681.0,10344.0,191973,38634,39785,33012,18865,20920,191973,191943,30,99.98,,39774,191943,191943,0,100,38634,39774,,35031,FragPipe_Duncan_PXD004720_root-tip_peptide_genome_projection.csv,191943,1,191943,187972,97.93,191262,99.65,35031,100468,191262,681,,FragPipe_Duncan_PXD004720_root-tip_peptide_genome_projection.csv,191943,191262,681,99.6452,191262,191262,0,100.0,0,0,0,0,FragPipe_Duncan_PXD004720_root-tip_peptide_genome_projection.csv,FragPipe_Duncan_PXD004720_root-tip_validated_peptides.bed6,FragPipe_Duncan_PXD004720_root-tip_validated_peptides.bed12,191262,191262,0,0,191262,38496,39337,30508,34992,156270,34992,156270,7495,31236,21029,100.0,100.0,191262,38496,39337,30508,23693,6815,11.4368,22.1608,4.2637,22,34992,156270,18497,20840,15314,15194,PXD004720_root-tip,32368,6969,39337,23693,6815,30508,36423,5555,38496,191262,34992,156270,10.938313158552823,2.355076136985746,13.293389295538567,22.160802140037788,4.26369198813799,11.436840211132438,PXD004720_root-tip,191262,39337,38496,30508,99.6452,99.6452
PXD004720,bread wheat,root_vasculature,single,FragPipe_Duncan_PXD004720_root-vasculature_peptide_genome_projection.csv,737,3.5244608100999475,7,0.0334752044378556,1,0.0047821720625508,9,62,96,9,20815,7568,20911.0,7577.0,111846,20815,30631,17251,16694,13937,111846,111831,15,99.99,,30626,111831,111831,0,100,20815,30626,,14833,FragPipe_Duncan_PXD004720_root-vasculature_peptide_genome_projection.csv,111831,1,111831,109309,97.74,111315,99.54,14833,57927,111315,515,1.0,FragPipe_Duncan_PXD004720_root-vasculature_peptide_genome_projection.csv,111831,111315,516,99.5386,111315,111315,0,100.0,0,0,0,0,FragPipe_Duncan_PXD004720_root-vasculature_peptide_genome_projection.csv,FragPipe_Duncan_PXD004720_root-vasculature_validated_peptides.bed6,FragPipe_Duncan_PXD004720_root-vasculature_validated_peptides.bed12,111315,111315,0,0,111315,20728,30323,23512,14786,96529,14786,96529,3150,17756,8152,100.0,100.0,111315,20728,30323,23512,18192,5320,8.8142,17.0155,3.3284,22,14786,96529,16436,13887,13380,10132,PXD004720_root-vasculature,24874,5449,30323,18192,5320,23512,19168,3741,20728,111315,14786,96529,8.405820610042108,1.8414133836182132,10.24723399366032,17.015545204556933,3.3283699745992816,8.814179462571976,PXD004720_root-vasculature,111315,30323,20728,23512,99.5386,99.5386
PXD004720,bread wheat,spike_immature,single,FragPipe_Duncan_PXD004720_spike-immature_peptide_genome_projection.csv,3108,8.53517877739331,83,0.2279343109792936,61,0.1675179875871917,10,74,44,8,36370,10940,36414.0,10948.0,188868,36370,40220,30739,19857,20363,188868,188826,42,99.98,,40207,188826,188826,0,100,36370,40207,,33193,FragPipe_Duncan_PXD004720_spike-immature_peptide_genome_projection.csv,188826,1,188826,185513,98.25,188025,99.58,33193,96519,188025,801,,FragPipe_Duncan_PXD004720_spike-immature_peptide_genome_projection.csv,188826,188025,801,99.5758,188025,188025,0,100.0,0,0,0,0,FragPipe_Duncan_PXD004720_spike-immature_peptide_genome_projection.csv,FragPipe_Duncan_PXD004720_spike-immature_validated_peptides.bed6,FragPipe_Duncan_PXD004720_spike-immature_validated_peptides.bed12,188025,188025,0,0,188025,36236,39779,30611,33123,154902,33123,154902,7004,29483,19325,100.0,100.0,188025,36236,39779,30611,23515,7096,11.4755,21.9943,4.4395,22,33123,154902,19526,20253,16121,14490,PXD004720_spike-immature,32537,7242,39779,23515,7096,30611,33851,6019,36236,188025,33123,154902,10.995424346262766,2.44733267097873,13.442757017241496,21.99431318629927,4.439494988676034,11.475452855086372,PXD004720_spike-immature,188025,39779,36236,30611,99.5758,99.5758
PXD004720,bread wheat,stem,single,FragPipe_Duncan_PXD004720_stem_peptide_genome_projection.csv,277,1.925081659601084,2,0.0138995065675168,2,0.0138995065675168,10,64,51,10,14338,8974,14389.0,8984.0,60749,14338,29417,9710,20198,9219,60749,60734,15,99.98,,29410,60734,60734,0,100,14338,29410,,6949,FragPipe_Duncan_PXD004720_stem_peptide_genome_projection.csv,60734,1,60734,58789,96.8,60181,99.09,6949,31194,60181,553,,FragPipe_Duncan_PXD004720_stem_peptide_genome_projection.csv,60734,60181,553,99.0895,60181,60181,0,100.0,0,0,0,0,FragPipe_Duncan_PXD004720_stem_peptide_genome_projection.csv,FragPipe_Duncan_PXD004720_stem_validated_peptides.bed6,FragPipe_Duncan_PXD004720_stem_validated_peptides.bed12,60181,60181,0,0,60181,14177,28948,23218,6927,53254,6927,53254,1668,12620,3963,100.0,100.0,60181,14177,28948,23218,16618,6600,8.704,15.5433,4.1292,22,6927,53254,19771,9177,16359,6859,PXD004720_stem,22190,6758,28948,16618,6600,23218,11554,4037,14177,60181,6927,53254,7.49880032712207,2.283771636353805,9.782571963475876,15.543333894532054,4.1291807955555,8.70396473128599,PXD004720_stem,60181,28948,14177,23218,99.0895,99.0895
